1781702330,3,,0.0,0.0,38.6094,25.9297,nominal,0
1781702391,47,,0.0,0.0,38.6094,25.9297,nominal,0
1781702451,43,,0.0,0.0,38.6094,25.9297,nominal,0
1781702512,,,,,38.6094,25.1328,,0
1781702572,67,,0.0,0.0,38.6094,25.1328,nominal,0
1781702633,47,,0.0,0.0,38.6094,25.1328,nominal,0
1781702693,24,,0.0,0.0,38.6094,25.1328,nominal,0
1781702753,2,,0.0,0.0,38.6094,25.1328,nominal,0
1781702814,8,,0.0,0.0,38.6094,25.1328,nominal,0
1781702874,46,,0.0,0.0,38.6094,25.1328,nominal,0
1781702935,33,,0.0,0.0,38.6094,25.1328,nominal,0
1781702995,14,,0.0,0.0,38.6094,25.1328,nominal,0
1781703056,16,,0.0,0.0,38.6094,25.1328,nominal,0
1781703116,0,,0.0,0.0,38.6094,25.1328,nominal,0
1781703177,43,,0.0,0.0,38.6094,25.1328,nominal,0
1781703237,63,,0.0,0.0,38.6094,25.1328,nominal,0
1781703298,20,,0.0,0.0,38.6094,25.1328,nominal,0
1781703358,19,,0.0,0.0,38.6094,25.1328,nominal,0
1781703419,12,,0.0,0.0,38.6094,25.1328,nominal,0
1781703479,60,,0.0,0.0,38.6094,25.1328,nominal,0
1781703539,41,,0.0,0.0,38.6094,25.1328,nominal,0
1781703600,11,,0.0,0.0,38.6094,25.1328,nominal,0
1781703660,62,,0.0,0.0,38.6094,25.1328,nominal,0
1781703721,33,,0.0,0.0,38.6094,25.1328,nominal,0
1781703781,16,,0.0,0.0,38.6094,25.1328,nominal,0
1781703841,6,,0.0,0.0,38.6094,25.1328,nominal,0
1781703902,63,,0.0,0.0,38.6094,25.1328,nominal,0
1781703962,50,,0.0,0.0,38.6094,25.1328,nominal,0
1781704023,10,,0.0,0.0,38.6094,25.1328,nominal,0
1781704083,63,,0.0,0.0,38.6094,25.1328,nominal,0
1781704144,1,,0.0,0.0,38.6094,25.1328,nominal,0
1781704204,46,,0.0,0.0,38.6094,25.1328,nominal,0
1781704265,27,,0.0,0.0,38.6094,25.1328,nominal,0
1781704325,14,,0.0,0.0,38.6094,25.1328,nominal,0
1781704385,54,,0.0,0.0,38.6094,25.1328,nominal,0
1781704446,29,,0.0,0.0,38.6094,25.1328,nominal,0
1781704506,7,,0.0,0.0,38.6094,25.1328,nominal,0
1781704567,66,,0.0,0.0,38.6094,25.1328,nominal,0
1781704627,55,,0.0,0.0,38.6094,25.1328,nominal,0
1781704688,31,,0.0,0.0,38.6094,25.1328,nominal,0
1781704748,17,,0.0,0.0,38.6094,25.1328,nominal,0
1781704808,67,,0.0,0.0,38.6094,25.1328,nominal,0
1781704869,43,,0.0,0.0,38.6094,25.1328,nominal,0
1781704929,3,,0.0,0.0,38.6094,25.1328,nominal,0
1781704990,54,,0.0,0.0,38.6094,25.1328,nominal,0
1781705050,53,,0.0,0.0,38.6094,25.1719,nominal,0
1781705111,32,,0.0,0.0,38.6094,25.1719,nominal,0
1781705171,19,,0.0,0.0,38.6094,25.1719,nominal,0
1781705232,1,,0.0,0.0,38.6094,25.1719,nominal,0
1781705292,66,,0.0,0.0,38.6094,25.1719,nominal,0
1781705352,53,,0.0,0.0,38.6094,25.1719,nominal,0
1781705413,2,,0.0,0.0,38.6094,25.1719,nominal,0
1781705473,,,0.0,0.0,38.6094,23.1016,,0
1781705537,,,0.0,0.0,38.6094,23.0664,,0
1781705600,,,0.0,0.0,38.6094,23.1445,,0
1781705664,21,,0.0,0.0,38.6094,23.1602,degraded,0
1781705724,5,,0.0,0.0,38.6094,23.1953,nominal,0
1781705784,,,0.0,0.0,38.6094,23.0781,,0
1781705848,16,,0.0,0.0,38.6094,23.2109,degraded,0
1781705908,,,0.0,0.0,38.6094,23.0938,,0
1781705972,,,0.0,0.0,38.6094,23.082,,0
1781706035,,,0.0,0.0,38.6094,23.1289,,0
1781706099,,,0.0,0.0,38.6094,23.0742,,0
1781706162,,,0.0,0.0,38.6094,23.0742,,0
1781706225,None,,0.0,0.0,38.6094,,local_only,0
1781706286,,,0.0,0.0,38.6094,23.1445,,0
1781706350,32734,,0.0,0.0,38.6094,23.1875,safe,0
1781706410,93146,,0.0,0.0,38.6094,23.1914,safe,0
1781706471,153561,,0.0,0.0,38.6094,23.1992,safe,0
1781706531,213960,,0.0,0.0,38.6094,23.1992,safe,0
1781706591,274364,,0.0,0.0,38.6094,23.1992,safe,0
1781706652,42,,0.0,0.0,38.6094,23.1992,nominal,0
1781706712,41,,0.0,0.0,38.6094,23.1992,nominal,0
1781706773,53,,0.0,0.0,38.6094,23.1992,nominal,0
1781706836,41,,0.0,0.0,38.6094,23.1992,nominal,0
1781706906,15,,0.0,0.0,38.6094,23.1836,nominal,0
1781706967,23,,0.0,0.0,38.6094,23.1836,nominal,0
1781707028,58,,0.0,0.0,38.6094,23.1836,nominal,0
1781707100,16,,0.0,0.0,38.6094,23.1836,nominal,0
1781707185,44,,0.0,0.0,38.6094,23.1836,nominal,0
1781707246,56,,0.0,0.0,38.6094,23.1836,nominal,0
1781707307,16,,0.0,0.0,38.6094,23.1836,nominal,0
1781707368,24,,0.0,0.0,38.6094,23.1836,nominal,0
1781707429,27,,0.0,0.0,38.6094,23.1836,nominal,0
1781707489,43,,0.0,0.0,38.6094,23.1836,nominal,0
1781707550,21,,0.0,0.0,38.6094,23.1836,nominal,0
1781707610,56,,0.0,0.0,38.6094,23.1836,nominal,0
1781707675,35,,0.0,0.0,38.6094,23.1836,nominal,0
1781707751,1,,0.0,0.0,38.6094,23.1836,nominal,0
1781707817,69,,0.0,0.0,38.6094,23.1836,nominal,0
1781707878,10,,0.0,0.0,38.6094,23.1836,nominal,0
1781707938,6,,0.0,0.0,38.6094,23.1836,nominal,0
1781707999,13,,0.0,0.0,38.6094,23.1836,nominal,0
1781708059,62,,0.0,0.0,38.6094,23.1836,nominal,0
1781708120,67,,0.0,0.0,38.6094,23.1836,nominal,0
1781708180,22,,0.0,0.0,38.6094,23.1836,nominal,0
1781708241,20,,0.0,0.0,38.6094,23.1836,nominal,0
1781708301,7,,0.0,0.0,38.6094,23.1836,nominal,0
1781708362,59,,0.0,0.0,38.6094,23.1836,nominal,0
1781708422,,,0.0,0.0,38.6094,23.25,,0
1781708485,,,0.0,0.0,38.6094,23.2969,,0
1781708549,,,0.0,0.0,38.6094,23.2695,,0
1781708612,5,,0.0,0.0,38.6094,23.3516,degraded,0
1781708673,1,,0.0,0.0,38.6094,23.3828,degraded,0
1781708733,1,,0.0,0.0,38.6094,23.3828,nominal,0
1781708794,54,,0.0,0.0,38.6094,23.3867,nominal,0
1781708854,41,,0.0,0.0,38.6094,23.3867,nominal,0
1781708915,24,,0.0,0.0,38.6094,23.3945,nominal,0
1781708975,12,,0.0,0.0,38.6094,23.3945,nominal,0
1781709036,8,,0.0,0.0,38.6094,23.3945,nominal,0
1781709096,11,,0.0,0.0,38.6094,23.3945,nominal,0
1781709156,2,,0.0,0.0,38.6094,23.3945,nominal,0
1781709217,48,,0.0,0.0,38.6094,23.3945,nominal,0
1781709277,25,,0.0,0.0,38.6094,23.3945,nominal,0
1781709338,25,,0.0,0.0,38.6094,23.3945,nominal,0
1781709398,51,,0.0,0.0,38.6094,23.3945,nominal,0
1781709459,52,,0.0,0.0,38.6094,23.3945,nominal,0
1781709519,36,,0.0,0.0,38.6094,23.3945,nominal,0
1781709579,31,,0.0,0.0,38.6094,23.3945,nominal,0
1781709640,15,,0.0,0.0,38.6094,23.3945,nominal,0
1781709700,10,,0.0,0.0,38.6094,23.3945,nominal,0
1781709761,4,,0.0,0.0,38.6094,23.3945,nominal,0
1781709821,63,,0.0,0.0,38.6094,23.3945,nominal,0
1781709882,46,,0.0,0.0,38.6094,23.3945,nominal,0
1781709942,9,,0.0,0.0,38.6094,23.3945,nominal,0
1781710003,18,,0.0,0.0,38.6094,23.3945,nominal,0
1781710063,6,,0.0,0.0,38.6094,23.3945,nominal,0
1781710124,48,,0.0,0.0,38.6094,23.3945,nominal,0
1781710184,46,,0.0,0.0,38.6094,23.3945,nominal,0
1781710244,27,,0.0,0.0,38.6094,23.3945,nominal,0
1781710305,15,,0.0,0.0,38.6094,23.3945,nominal,0
1781710365,10,,0.0,0.0,38.6094,23.3945,nominal,0
1781710426,63,,0.0,0.0,38.6094,23.3945,nominal,0
1781710486,45,,0.0,0.0,38.6094,23.3945,nominal,0
1781710547,27,,0.0,0.0,38.6094,23.3945,nominal,0
1781710607,17,,0.0,0.0,38.6094,23.3945,nominal,0
1781710667,7,,0.0,0.0,38.6094,23.3945,nominal,0
1781710728,66,,0.0,0.0,38.6094,23.3945,nominal,0
1781710788,45,,0.0,0.0,38.6094,23.3945,nominal,0
1781710849,50,,0.0,0.0,38.6094,23.3945,nominal,0
1781710909,4,,0.0,0.0,38.6094,23.3945,nominal,0
1781710970,1,,0.0,0.0,38.6094,23.3945,nominal,0
1781711030,7,,0.0,0.0,38.6094,23.3945,nominal,0
1781711091,51,,0.0,0.0,38.6094,23.3945,nominal,0
1781711151,30,,0.0,0.0,38.6094,23.3945,nominal,0
1781711211,11,,0.0,0.0,38.6094,23.3945,nominal,0
1781711272,6,,0.0,0.0,38.6094,23.3945,nominal,0
1781711332,53,,0.0,0.0,38.6094,23.3945,nominal,0
1781711393,46,,0.0,0.0,38.6094,23.3945,nominal,0
1781711453,33,,0.0,0.0,38.6094,23.3945,nominal,0
1781711514,21,,0.0,0.0,38.6094,23.3945,nominal,0
1781711574,11,,0.0,0.0,38.6094,23.3945,nominal,0
1781711634,56,,0.0,0.0,38.6094,23.3945,nominal,0
1781711695,52,,0.0,0.0,38.6094,23.3945,nominal,0
1781711755,54,,0.0,0.0,38.6094,23.3945,nominal,0
1781711816,32,,0.0,0.0,38.6094,23.3945,nominal,0
1781711876,20,,0.0,0.0,38.6094,23.3945,nominal,0
1781711937,3,,0.0,0.0,38.6094,23.3945,nominal,0
1781711997,51,,0.0,0.0,38.6094,23.3945,nominal,0
1781712057,1,,0.0,0.0,38.6094,23.3945,nominal,0
1781712118,48,,0.0,0.0,38.6094,23.3945,nominal,0
1781712178,14,,0.0,0.0,38.6094,23.3945,nominal,0
1781712239,9,,0.0,0.0,38.6094,23.3945,nominal,0
1781712299,1,,0.0,0.0,38.6094,23.3945,nominal,0
1781712360,51,,0.0,0.0,38.6094,23.3945,nominal,0
1781712420,9,,0.0,0.0,38.6094,23.3945,nominal,0
1781712481,6,,0.0,0.0,38.6094,23.3945,nominal,0
1781712541,41,,0.0,0.0,38.6094,23.3945,nominal,0
1781712601,18,,0.0,0.0,38.6094,23.3945,nominal,0
1781712662,10,,0.0,0.0,38.6094,23.3945,nominal,0
1781712723,5,,0.0,0.0,38.6094,23.3945,nominal,0
1781712783,36,,0.0,0.0,38.6094,23.3945,nominal,0
1781712843,27,,0.0,0.0,38.6094,23.3945,nominal,0
1781712904,54,,0.0,0.0,38.6094,23.3945,nominal,0
1781712964,37,,0.0,0.0,38.6094,23.3945,nominal,0
1781713025,19,,0.0,0.0,38.6094,23.3945,nominal,0
1781713085,3,,0.0,0.0,38.6094,23.3945,nominal,0
1781713146,46,,0.0,0.0,38.6094,23.3945,nominal,0
1781713206,22,,0.0,0.0,38.6094,23.3945,nominal,0
1781713267,31,,0.0,0.0,38.6094,23.3945,nominal,0
1781713327,2,,0.0,0.0,38.6094,23.3945,nominal,0
1781713387,53,,0.0,0.0,38.6094,23.3945,nominal,0
1781713448,47,,0.0,0.0,38.6094,23.3945,nominal,0
1781713508,53,,0.0,0.0,38.6094,23.3945,nominal,0
1781713569,43,,0.0,0.0,38.6094,23.3945,nominal,0
1781713629,7,,0.0,0.0,38.6094,23.3945,nominal,0
1781713690,11,,0.0,0.0,38.6094,23.3945,nominal,0
1781713750,25,,0.0,0.0,38.6094,23.3945,nominal,0
1781713811,29,,0.0,0.0,38.6094,23.3945,nominal,0
1781713871,4,,0.0,0.0,38.6094,23.3945,nominal,0
1781713932,69,,0.0,0.0,38.6094,23.3945,nominal,0
1781713992,14,,0.0,0.0,38.6094,23.3945,nominal,0
1781714053,20,,0.0,0.0,38.6094,23.3945,nominal,0
1781714113,53,,0.0,0.0,38.6094,23.3945,nominal,0
1781714174,49,,0.0,0.0,38.6094,23.3945,nominal,0
1781714234,20,,0.0,0.0,38.6094,23.3945,nominal,0
1781714295,16,,0.0,0.0,38.6094,23.3945,nominal,0
1781714355,4,,0.0,0.0,38.6094,23.3945,nominal,0
1781714416,4,,0.0,0.0,38.6094,23.3945,nominal,0
1781714476,29,,0.0,0.0,38.6094,23.3945,nominal,0
1781714536,17,,0.0,0.0,38.6094,23.3945,nominal,0
1781714597,8,,0.0,0.0,38.6094,23.3945,nominal,0
1781714657,8,,0.0,0.0,38.6094,23.3945,nominal,0
1781714718,1,,0.0,0.0,38.6094,23.3945,nominal,0
1781714778,48,,0.0,0.0,38.6094,23.3945,nominal,0
1781714839,48,,0.0,0.0,38.6094,23.3945,nominal,0
1781714899,50,,0.0,0.0,38.6094,23.3945,nominal,0
1781714960,49,,0.0,0.0,38.6094,23.3945,nominal,0
1781715020,52,,0.0,0.0,38.6094,23.3945,nominal,0
1781715080,45,,0.0,0.0,38.6094,23.3945,nominal,0
1781715141,22,,0.0,0.0,38.6094,23.3945,nominal,0
1781715201,7,,0.0,0.0,38.6094,23.3945,nominal,0
1781715262,57,,0.0,0.0,38.6094,23.3945,nominal,0
1781715322,49,,0.0,0.0,38.6094,23.3945,nominal,0
1781715383,36,,0.0,0.0,38.6094,23.3945,nominal,0
1781715443,30,,0.0,0.0,38.6094,23.3945,nominal,0
1781715503,10,,0.0,0.0,38.6094,23.3945,nominal,0
1781715564,5,,0.0,0.0,38.6094,23.3945,nominal,0
1781715624,49,,0.0,0.0,38.6094,23.3945,nominal,0
1781715685,35,,0.0,0.0,38.6094,23.3945,nominal,0
1781715745,16,,0.0,0.0,38.6094,23.3945,nominal,0
1781715806,15,,0.0,0.0,38.6094,23.3945,nominal,0
1781715866,13,,0.0,0.0,38.6094,23.3945,nominal,0
1781715926,8,,0.0,0.0,38.6094,23.3945,nominal,0
1781715987,0,,0.0,0.0,38.6094,23.3945,nominal,0
1781716047,46,,0.0,0.0,38.6094,23.3945,nominal,0
1781716108,43,,0.0,0.0,38.6094,23.3945,nominal,0
1781716168,29,,0.0,0.0,38.6094,23.3945,nominal,0
1781716229,10,,0.0,0.0,38.6094,23.3945,nominal,0
1781716289,6,,0.0,0.0,38.6094,23.3945,nominal,0
1781716350,63,,0.0,0.0,38.6094,23.3945,nominal,0
1781716410,11,,0.0,0.0,38.6094,23.3945,nominal,0
1781716471,18,,0.0,0.0,38.6094,23.3945,nominal,0
1781716531,0,,0.0,0.0,38.6094,23.3945,nominal,0
1781716592,49,,0.0,0.0,38.6094,23.3945,nominal,0
1781716652,29,,0.0,0.0,38.6094,23.3945,nominal,0
1781716712,12,,0.0,0.0,38.6094,23.3945,nominal,0
1781716773,3,,0.0,0.0,38.6094,23.3945,nominal,0
1781716833,67,,0.0,0.0,38.6094,23.3945,nominal,0
1781716894,7,,0.0,0.0,38.6094,23.3945,nominal,0
1781716954,49,,0.0,0.0,38.6094,23.3945,nominal,0
1781717015,43,,0.0,0.0,38.6094,23.3945,nominal,0
1781717075,30,,0.0,0.0,38.6094,23.3945,nominal,0
1781717135,10,,0.0,0.0,38.6094,23.3945,nominal,0
1781717196,0,,0.0,0.0,38.6094,23.3945,nominal,0
1781717256,57,,0.0,0.0,38.6094,23.3945,nominal,0
1781717317,34,,0.0,0.0,38.6094,23.3945,nominal,0
1781717377,16,,0.0,0.0,38.6094,23.3945,nominal,0
1781717438,13,,0.0,0.0,38.6094,23.3945,nominal,0
1781717498,2,,0.0,0.0,38.6094,23.3945,nominal,0
1781717559,1,,0.0,0.0,38.6094,23.3945,nominal,0
1781717619,31,,0.0,0.0,38.6094,23.3945,nominal,0
1781717680,17,,0.0,0.0,38.6094,23.3945,nominal,0
1781717740,50,,0.0,0.0,38.6094,23.3945,nominal,0
1781717800,28,,0.0,0.0,38.6094,23.3945,nominal,0
1781717861,59,,0.0,0.0,38.6094,23.3945,nominal,0
1781717921,52,,0.0,0.0,38.6094,23.3945,nominal,0
1781717982,56,,0.0,0.0,38.6094,23.3945,nominal,0
1781718042,47,,0.0,0.0,38.6094,23.3945,nominal,0
1781718103,30,,0.0,0.0,38.6094,23.3945,nominal,0
1781718163,13,,0.0,0.0,38.6094,23.3945,nominal,0
1781718224,25,,0.0,0.0,38.6094,23.3945,nominal,0
1781718284,9,,0.0,0.0,38.6094,23.3945,nominal,0
1781718345,58,,0.0,0.0,38.6094,23.3945,nominal,0
1781718405,52,,0.0,0.0,38.6094,23.3945,nominal,0
1781718466,14,,0.0,0.0,38.6094,23.3945,nominal,0
1781718526,70,,0.0,0.0,38.6094,23.3945,nominal,0
1781718587,23,,0.0,0.0,38.6094,23.3945,nominal,0
1781718647,23,,0.0,0.0,38.6094,23.3945,nominal,0
1781718708,42,,0.0,0.0,38.6094,23.3945,nominal,0
1781718768,34,,0.0,0.0,38.6094,23.3945,nominal,0
1781718829,6,,0.0,0.0,38.6094,23.3945,nominal,0
1781718889,57,,0.0,0.0,38.6094,23.3945,nominal,0
1781718950,21,,0.0,0.0,38.6094,23.3945,nominal,0
1781719010,21,,0.0,0.0,38.6094,23.3945,nominal,0
1781719071,21,,0.0,0.0,38.6094,23.3945,nominal,0
1781719131,27,,0.0,0.0,38.6094,23.3945,nominal,0
1781719192,61,,0.0,0.0,38.6094,23.3945,nominal,0
1781719252,61,,0.0,0.0,38.6094,23.3945,nominal,0
1781719313,60,,0.0,0.0,38.6094,23.3945,nominal,0
1781719373,48,,0.0,0.0,38.6094,23.3945,nominal,0
1781719434,47,,0.0,0.0,38.6094,23.3945,nominal,0
1781719494,28,,0.0,0.0,38.6094,23.3945,nominal,0
1781719554,13,,0.0,0.0,38.6094,23.3945,nominal,0
1781719615,6,,0.0,0.0,38.6094,23.3945,nominal,0
1781719675,52,,0.0,0.0,38.6094,23.3945,nominal,0
1781719736,30,,0.0,0.0,38.6094,23.3945,nominal,0
1781719796,16,,0.0,0.0,38.6094,23.3945,nominal,0
1781719857,7,,0.0,0.0,38.6094,23.3945,nominal,0
1781719917,56,,0.0,0.0,38.6094,23.3945,nominal,0
1781719977,46,,0.0,0.0,38.6094,23.3945,nominal,0
1781720038,31,,0.0,0.0,38.6094,23.3945,nominal,0
1781720098,16,,0.0,0.0,38.6094,23.3945,nominal,0
1781720159,8,,0.0,0.0,38.6094,23.3945,nominal,0
1781720219,4,,0.0,0.0,38.6094,23.3945,nominal,0
1781720280,4,,0.0,0.0,38.6094,23.3945,nominal,0
1781720340,52,,0.0,0.0,38.6094,23.3945,nominal,0
1781720401,46,,0.0,0.0,38.6094,23.3945,nominal,0
1781720461,25,,0.0,0.0,38.6094,23.3945,nominal,0
1781720521,11,,0.0,0.0,38.6094,23.3945,nominal,0
1781720582,55,,0.0,0.0,38.6094,23.3945,nominal,0
1781720642,46,,0.0,0.0,38.6094,23.3945,nominal,0
1781720703,49,,0.0,0.0,38.6094,23.3945,nominal,0
1781720763,28,,0.0,0.0,38.6094,23.3945,nominal,0
1781720824,14,,0.0,0.0,38.6094,23.3945,nominal,0
1781720884,6,,0.0,0.0,38.6094,23.3945,nominal,0
1781720944,19,,0.0,0.0,38.6094,23.3945,nominal,0
1781721005,12,,0.0,0.0,38.6094,23.3945,nominal,0
1781721065,0,,0.0,0.0,38.6094,23.3945,nominal,0
1781721126,58,,0.0,0.0,38.6094,23.3945,nominal,0
1781721186,36,,0.0,0.0,38.6094,23.3945,nominal,0
1781721247,19,,0.0,0.0,38.6094,23.3945,nominal,0
1781721307,19,,0.0,0.0,38.6094,23.3945,nominal,0
1781721367,16,,0.0,0.0,38.6094,23.3945,nominal,0
1781721428,5,,0.0,0.0,38.6094,23.3945,nominal,0
1781721488,1,,0.0,0.0,38.6094,23.3945,nominal,0
1781721549,2,,0.0,0.0,38.6094,23.3945,nominal,0
1781721609,1,,0.0,0.0,38.6094,23.3945,nominal,0
1781721670,55,,0.0,0.0,38.6094,23.3945,nominal,0
1781721730,44,,0.0,0.0,38.6094,23.3945,nominal,0
1781721790,25,,0.0,0.0,38.6094,23.3945,nominal,0
1781721851,15,,0.0,0.0,38.6094,23.3945,nominal,0
1781721911,1,,0.0,0.0,38.6094,23.3945,nominal,0
1781721972,47,,0.0,0.0,38.6094,23.3945,nominal,0
1781722032,29,,0.0,0.0,38.6094,23.3945,nominal,0
1781722093,11,,0.0,0.0,38.6094,23.3945,nominal,0
1781722153,2,,0.0,0.0,38.6094,23.3945,nominal,0
1781722213,55,,0.0,0.0,38.6094,23.3945,nominal,0
1781722274,46,,0.0,0.0,38.6094,23.3945,nominal,0
1781722334,31,,0.0,0.0,38.6094,23.3945,nominal,0
1781722395,27,,0.0,0.0,38.6094,23.3945,nominal,0
1781722455,12,,0.0,0.0,38.6094,23.3945,nominal,0
1781722516,7,,0.0,0.0,38.6094,23.3945,nominal,0
1781722576,64,,0.0,0.0,38.6094,23.3945,nominal,0
1781722637,62,,0.0,0.0,38.6094,23.3945,nominal,0
1781722697,43,,0.0,0.0,38.6094,23.3945,nominal,0
1781722757,29,,0.0,0.0,38.6094,23.3945,nominal,0
1781722818,17,,0.0,0.0,38.6094,23.3945,nominal,0
1781722878,7,,0.0,0.0,38.6094,23.3945,nominal,0
1781722939,55,,0.0,0.0,38.6094,23.3945,nominal,0
1781722999,43,,0.0,0.0,38.6094,23.3945,nominal,0
1781723060,26,,0.0,0.0,38.6094,23.3945,nominal,0
1781723120,9,,0.0,0.0,38.6094,23.3945,nominal,0
1781723180,56,,0.0,0.0,38.6094,23.3945,nominal,0
1781723241,32,,0.0,0.0,38.6094,23.3945,nominal,0
1781723301,15,,0.0,0.0,38.6094,23.4258,nominal,0
1781723362,6,,0.0,0.0,38.6094,23.4258,nominal,0
1781723422,49,,0.0,0.0,38.6094,23.4258,nominal,0
1781723483,47,,0.0,0.0,38.6094,23.4258,nominal,0
1781723543,40,,0.0,0.0,38.6094,23.4258,nominal,0
1781723603,22,,0.0,0.0,38.6094,23.4258,nominal,0
1781723664,6,,0.0,0.0,38.6094,23.4258,nominal,0
1781723724,54,,0.0,0.0,38.6094,23.4258,nominal,0
1781723785,45,,0.0,0.0,38.6094,23.4258,nominal,0
1781723845,22,,0.0,0.0,38.6094,23.4258,nominal,0
1781723906,3,,0.0,0.0,38.6094,23.4258,nominal,0
1781723966,56,,0.0,0.0,38.6094,23.4258,nominal,0
1781724026,58,,0.0,0.0,38.6094,23.4258,nominal,0
1781724087,57,,0.0,0.0,38.6094,23.4258,nominal,0
1781724147,37,,0.0,0.0,38.6094,23.4258,nominal,0
1781724208,31,,0.0,0.0,38.6094,23.4258,nominal,0
1781724268,48,,0.0,0.0,38.6094,23.4258,nominal,0
1781724329,60,,0.0,0.0,38.6094,23.4258,nominal,0
1781724389,49,,0.0,0.0,38.6094,23.4258,nominal,0
1781724450,34,,0.0,0.0,38.6094,23.4258,nominal,0
1781724510,63,,0.0,0.0,38.6094,23.4258,nominal,0
1781724570,46,,0.0,0.0,38.6094,23.4258,nominal,0
1781724631,30,,0.0,0.0,38.6094,23.4258,nominal,0
1781724691,12,,0.0,0.0,38.6094,23.4258,nominal,0
1781724752,57,,0.0,0.0,38.6094,23.4258,nominal,0
1781724812,15,,0.0,0.0,38.6094,23.4258,nominal,0
1781724873,3,,0.0,0.0,38.6094,23.4258,nominal,0
1781724933,67,,0.0,0.0,38.6094,23.4258,nominal,0
1781724994,63,,0.0,0.0,38.6094,23.4258,nominal,0
1781725054,4,,0.0,0.0,38.6094,23.4258,nominal,0
1781725114,53,,0.0,0.0,38.6094,23.4258,nominal,0
1781725175,49,,0.0,0.0,38.6094,23.4258,nominal,0
1781725235,47,,0.0,0.0,38.6094,23.4258,nominal,0
1781725296,33,,0.0,0.0,38.6094,23.4258,nominal,0
1781725356,15,,0.0,0.0,38.6094,23.4258,nominal,0
1781725417,5,,0.0,0.0,38.6094,23.4258,nominal,0
1781725477,57,,0.0,0.0,38.6094,23.4258,nominal,0
1781725537,42,,0.0,0.0,38.6094,23.4258,nominal,0
1781725598,54,,0.0,0.0,38.6094,23.4258,nominal,0
1781725658,54,,0.0,0.0,38.6094,23.4258,nominal,0
1781725719,54,,0.0,0.0,38.6094,23.4258,nominal,0
1781725779,9,,0.0,0.0,38.6094,23.4258,nominal,0
1781725840,2,,0.0,0.0,38.6094,23.4258,nominal,0
1781725900,60,,0.0,0.0,38.6094,23.4258,nominal,0
1781725961,46,,0.0,0.0,38.6094,23.4258,nominal,0
1781726021,36,,0.0,0.0,38.6094,23.4258,nominal,0
1781726081,35,,0.0,0.0,38.6094,23.4258,nominal,0
1781726142,19,,0.0,0.0,38.6094,23.4258,nominal,0
1781726202,3,,0.0,0.0,38.6094,23.4258,nominal,0
1781726263,36,,0.0,0.0,38.6094,23.4258,nominal,0
1781726323,33,,0.0,0.0,38.6094,23.4258,nominal,0
1781726384,16,,0.0,0.0,38.6094,23.4258,nominal,0
1781726444,2,,0.0,0.0,38.6094,23.4258,nominal,0
1781726505,52,,0.0,0.0,38.6094,23.4258,nominal,0
1781726565,44,,0.0,0.0,38.6094,23.4258,nominal,0
1781726626,16,,0.0,0.0,38.6094,23.4258,nominal,0
1781726686,17,,0.0,0.0,38.6094,23.4258,nominal,0
1781726747,16,,0.0,0.0,38.6094,23.4258,nominal,0
1781726807,0,,0.0,0.0,38.6094,23.4258,nominal,0
1781726868,67,,0.0,0.0,38.6094,23.4258,nominal,0
1781726928,48,,0.0,0.0,38.6094,23.4258,nominal,0
1781726989,24,,0.0,0.0,38.6094,23.4258,nominal,0
1781727053,55,,0.0,0.0,38.6094,23.4258,nominal,0
1781727114,35,,0.0,0.0,38.6094,23.4258,nominal,0
1781727174,34,,0.0,0.0,38.6094,23.4258,nominal,0
1781727235,40,,0.0,0.0,38.6094,23.4258,nominal,0
1781727295,29,,0.0,0.0,38.6094,23.4258,nominal,0
1781727355,13,,0.0,0.0,38.6094,23.4258,nominal,0
1781727416,2,,0.0,0.0,38.6094,23.4258,nominal,0
1781727476,53,,0.0,0.0,38.6094,23.4258,nominal,0
1781727537,33,,0.0,0.0,38.6094,23.4258,nominal,0
1781727597,12,,0.0,0.0,38.6094,23.4258,nominal,0
1781727658,13,,0.0,0.0,38.6094,23.4258,nominal,0
1781727718,2,,0.0,0.0,38.6094,23.4258,nominal,0
1781727778,57,,0.0,0.0,38.6094,23.4258,nominal,0
1781727839,42,,0.0,0.0,38.6094,23.4258,nominal,0
1781727899,32,,0.0,0.0,38.6094,23.4258,nominal,0
1781727960,16,,0.0,0.0,38.6094,23.4258,nominal,0
1781728020,1,,0.0,0.0,38.6094,23.4258,nominal,0
1781728081,69,,0.0,0.0,38.6094,23.4258,nominal,0
1781728141,45,,0.0,0.0,38.6094,23.4258,nominal,0
1781728201,23,,0.0,0.0,38.6094,23.4258,nominal,0
1781728262,18,,0.0,0.0,38.6094,23.4258,nominal,0
1781728322,14,,0.0,0.0,38.6094,23.4258,nominal,0
1781728383,22,,0.0,0.0,38.6094,23.4258,nominal,0
1781728443,22,,0.0,0.0,38.6094,23.4258,nominal,0
1781728504,11,,0.0,0.0,38.6094,23.4258,nominal,0
1781728564,2,,0.0,0.0,38.6094,23.4258,nominal,0
1781728624,58,,0.0,0.0,38.6094,23.4258,nominal,0
1781728685,58,,0.0,0.0,38.6094,23.4258,nominal,0
1781728745,48,,0.0,0.0,38.6094,23.4258,nominal,0
1781728806,2,,0.0,0.0,38.6094,23.4258,nominal,0
1781728866,52,,0.0,0.0,38.6094,23.4258,nominal,0
1781728927,51,,0.0,0.0,38.6094,23.4258,nominal,0
1781728987,49,,0.0,0.0,38.6094,23.4258,nominal,0
1781729048,44,,0.0,0.0,38.6094,23.4258,nominal,0
1781729108,65,,0.0,0.0,38.6094,23.4258,nominal,0
1781729168,10,,0.0,0.0,38.6094,23.4258,nominal,0
1781729229,58,,0.0,0.0,38.6094,23.4258,nominal,0
1781729289,40,,0.0,0.0,38.6094,23.4258,nominal,0
1781729350,35,,0.0,0.0,38.6094,23.4258,nominal,0
1781729410,20,,0.0,0.0,38.6094,23.4258,nominal,0
1781729471,6,,0.0,0.0,38.6094,23.4258,nominal,0
1781729531,55,,0.0,0.0,38.6094,23.4258,nominal,0
1781729591,43,,0.0,0.0,38.6094,23.4258,nominal,0
1781729652,33,,0.0,0.0,38.6094,23.4258,nominal,0
1781729712,23,,0.0,0.0,38.6094,23.4258,nominal,0
1781729773,33,,0.0,0.0,38.6094,23.4258,nominal,0
1781729833,24,,0.0,0.0,38.6094,23.4258,nominal,0
1781729894,18,,0.0,0.0,38.6094,23.4258,nominal,0
1781729954,19,,0.0,0.0,38.6094,23.4258,nominal,0
1781730015,3,,0.0,0.0,38.6094,23.4258,nominal,0
1781730075,62,,0.0,0.0,38.6094,23.4258,nominal,0
1781730135,68,,0.0,0.0,38.6094,23.4258,nominal,0
1781730196,58,,0.0,0.0,38.6094,23.4258,nominal,0
1781730256,47,,0.0,0.0,38.6094,23.4258,nominal,0
1781730317,27,,0.0,0.0,38.6094,23.4258,nominal,0
1781730377,11,,0.0,0.0,38.6094,23.4258,nominal,0
1781730438,18,,0.0,0.0,38.6094,23.4258,nominal,0
1781730498,4,,0.0,0.0,38.6094,23.4258,nominal,0
1781730558,58,,0.0,0.0,38.6094,23.4258,nominal,0
1781730619,45,,0.0,0.0,38.6094,23.4258,nominal,0
1781730679,32,,0.0,0.0,38.6094,23.4258,nominal,0
1781730740,15,,0.0,0.0,38.6094,23.4258,nominal,0
1781730800,10,,0.0,0.0,38.6094,23.4258,nominal,0
1781730861,10,,0.0,0.0,38.6094,23.4258,nominal,0
1781730921,47,,0.0,0.0,38.6094,23.4258,nominal,0
1781730982,43,,0.0,0.0,38.6094,23.4258,nominal,0
1781731042,28,,0.0,0.0,38.6094,23.4258,nominal,0
1781731102,19,,0.0,0.0,38.6094,23.4258,nominal,0
1781731163,66,,0.0,0.0,38.6094,23.4258,nominal,0
1781731223,59,,0.0,0.0,38.6094,23.4258,nominal,0
1781731284,25,,0.0,0.0,38.6094,23.4258,nominal,0
1781731344,12,,0.0,0.0,38.6094,23.4258,nominal,0
1781731405,59,,0.0,0.0,38.6094,23.4258,nominal,0
1781731465,66,,0.0,0.0,38.6094,23.4258,nominal,0
1781731526,25,,0.0,0.0,38.6094,23.4258,nominal,0
1781731586,13,,0.0,0.0,38.6094,23.4258,nominal,0
1781731647,3,,0.0,0.0,38.6094,23.4258,nominal,0
1781731707,5,,0.0,0.0,38.6094,23.4258,nominal,0
1781731768,11,,0.0,0.0,38.6094,23.4258,nominal,0
1781731828,4,,0.0,0.0,38.6094,23.4258,nominal,0
1781731889,49,,0.0,0.0,38.6094,23.4258,nominal,0
1781731950,14,,0.0,0.0,38.6094,23.4258,nominal,0
1781732010,23,,0.0,0.0,38.6094,23.4258,nominal,0
1781732071,33,,0.0,0.0,38.6094,23.4258,nominal,0
1781732131,19,,0.0,0.0,38.6094,23.4258,nominal,0
1781732191,4,,0.0,0.0,38.6094,23.4258,nominal,0
1781732252,50,,0.0,0.0,38.6094,23.4258,nominal,0
1781732312,32,,0.0,0.0,38.6094,23.4258,nominal,0
1781732373,19,,0.0,0.0,38.6094,23.4258,nominal,0
1781732433,15,,0.0,0.0,38.6094,23.4258,nominal,0
1781732494,63,,0.0,0.0,38.6094,23.4258,nominal,0
1781732554,61,,0.0,0.0,38.6094,23.4258,nominal,0
1781732614,59,,0.0,0.0,38.6094,23.4258,nominal,0
1781732675,55,,0.0,0.0,38.6094,23.4258,nominal,0
1781732735,40,,0.0,0.0,38.6094,23.4258,nominal,0
1781732796,30,,0.0,0.0,38.6094,23.4258,nominal,0
1781732856,31,,0.0,0.0,38.6094,23.4258,nominal,0
1781732917,17,,0.0,0.0,38.6094,23.4258,nominal,0
1781732977,9,,0.0,0.0,38.6094,23.4258,nominal,0
1781733038,67,,0.0,0.0,38.6094,23.4258,nominal,0
1781733098,58,,0.0,0.0,38.6094,23.4258,nominal,0
1781733158,57,,0.0,0.0,38.6094,23.4258,nominal,0
1781733219,42,,0.0,0.0,38.6094,23.4258,nominal,0
1781733279,18,,0.0,0.0,38.6094,23.4258,nominal,0
1781733340,4,,0.0,0.0,38.6094,23.4258,nominal,0
1781733400,49,,0.0,0.0,38.6094,23.4258,nominal,0
1781733461,35,,0.0,0.0,38.6094,23.4258,nominal,0
1781733521,16,,0.0,0.0,38.6094,23.4258,nominal,0
1781733581,9,,0.0,0.0,38.6094,23.4258,nominal,0
1781733642,65,,0.0,0.0,38.6094,23.4258,nominal,0
1781733702,47,,0.0,0.0,38.6094,23.4258,nominal,0
1781733763,25,,0.0,0.0,38.6094,23.4258,nominal,0
1781733823,10,,0.0,0.0,38.6094,23.4258,nominal,0
1781733884,2,,0.0,0.0,38.6094,23.4258,nominal,0
1781733944,1,,0.0,0.0,38.6094,23.4258,nominal,0
1781734004,4,,0.0,0.0,38.6094,23.4258,nominal,0
1781734065,71,,0.0,0.0,38.6094,23.4258,nominal,0
1781734125,54,,0.0,0.0,38.6094,23.4258,nominal,0
1781734186,45,,0.0,0.0,38.6094,23.4258,nominal,0
1781734246,50,,0.0,0.0,38.6094,23.4258,nominal,0
1781734307,49,,0.0,0.0,38.6094,23.4258,nominal,0
1781734367,55,,0.0,0.0,38.6094,23.4258,nominal,0
1781734428,38,,0.0,0.0,38.6094,23.4258,nominal,0
1781734488,32,,0.0,0.0,38.6094,23.4258,nominal,0
1781734548,18,,0.0,0.0,38.6094,23.4258,nominal,0
1781734609,6,,0.0,0.0,38.6094,23.4258,nominal,0
1781734669,12,,0.0,0.0,38.6094,23.4258,nominal,0
1781734730,0,,0.0,0.0,38.6094,23.4453,nominal,0
1781734790,55,,0.0,0.0,38.6094,23.4453,nominal,0
1781734851,41,,0.0,0.0,38.6094,23.4453,nominal,0
1781734911,49,,0.0,0.0,38.6094,23.4453,nominal,0
1781734971,30,,0.0,0.0,38.6094,23.4453,nominal,0
1781735032,28,,0.0,0.0,38.6094,23.4453,nominal,0
1781735092,6,,0.0,0.0,38.6094,23.4453,nominal,0
1781735153,57,,0.0,0.0,38.6094,23.4453,nominal,0
1781735213,50,,0.0,0.0,38.6094,23.4453,nominal,0
1781735274,29,,0.0,0.0,38.6094,23.4453,nominal,0
1781735334,42,,0.0,0.0,38.6094,23.4453,nominal,0
1781735394,42,,0.0,0.0,38.6094,23.4453,nominal,0
1781735455,31,,0.0,0.0,38.6094,23.4453,nominal,0
1781735515,13,,0.0,0.0,38.6094,23.4453,nominal,0
1781735576,2,,0.0,0.0,38.6094,23.4453,nominal,0
1781735636,1,,0.0,0.0,38.6094,23.4453,nominal,0
1781735697,25,,0.0,0.0,38.6094,23.4453,nominal,0
1781735757,9,,0.0,0.0,38.6094,23.4453,nominal,0
1781735818,22,,0.0,0.0,38.6094,23.4453,nominal,0
1781735878,16,,0.0,0.0,38.6094,23.4453,nominal,0
1781735939,5,,0.0,0.0,38.6094,23.4453,nominal,0
1781735999,3,,0.0,0.0,38.6094,23.4453,nominal,0
1781736060,34,,0.0,0.0,38.6094,23.4453,nominal,0
1781736120,26,,0.0,0.0,38.6094,23.4453,nominal,0
1781736181,14,,0.0,0.0,38.6094,23.4453,nominal,0
1781736241,2,,0.0,0.0,38.6094,23.4453,nominal,0
1781736302,27,,0.0,0.0,38.6094,23.4453,nominal,0
1781736362,9,,0.0,0.0,38.6094,23.4453,nominal,0
1781736423,11,,0.0,0.0,38.6094,23.4453,nominal,0
1781736483,73,,0.0,0.0,38.6094,23.4453,nominal,0
1781736544,30,,0.0,0.0,38.6094,23.4453,nominal,0
1781736604,11,,0.0,0.0,38.6094,23.4453,nominal,0
1781736665,13,,0.0,0.0,38.6094,23.4453,nominal,0
1781736725,8,,0.0,0.0,38.6094,23.4453,nominal,0
1781736785,59,,0.0,0.0,38.6094,23.4453,nominal,0
1781736846,40,,0.0,0.0,38.6094,23.4453,nominal,0
1781736906,28,,0.0,0.0,38.6094,23.4453,nominal,0
1781736967,13,,0.0,0.0,38.6094,23.4453,nominal,0
1781737027,2,,0.0,0.0,38.6094,23.4453,nominal,0
1781737088,49,,0.0,0.0,38.6094,23.4453,nominal,0
1781737148,31,,0.0,0.0,38.6094,23.4453,nominal,0
1781737208,28,,0.0,0.0,38.6094,23.4453,nominal,0
1781737269,12,,0.0,0.0,38.6094,23.4453,nominal,0
1781737329,13,,0.0,0.0,38.6094,23.4453,nominal,0
1781737390,11,,0.0,0.0,38.6094,23.4453,nominal,0
1781737450,1,,0.0,0.0,38.6094,23.4453,nominal,0
1781737511,69,,0.0,0.0,38.6094,23.4453,nominal,0
1781737571,51,,0.0,0.0,38.6094,23.4453,nominal,0
1781737631,31,,0.0,0.0,38.6094,23.4453,nominal,0
1781737692,18,,0.0,0.0,38.6094,23.4453,nominal,0
1781737752,4,,0.0,0.0,38.6094,23.4453,nominal,0
1781737813,53,,0.0,0.0,38.6094,23.4453,nominal,0
1781737873,52,,0.0,0.0,38.6094,23.4453,nominal,0
1781737934,40,,0.0,0.0,38.6094,23.4453,nominal,0
1781737994,28,,0.0,0.0,38.6094,23.4453,nominal,0
1781738054,17,,0.0,0.0,38.6094,23.4453,nominal,0
1781738115,4,,0.0,0.0,38.6094,23.4453,nominal,0
1781738175,9,,0.0,0.0,38.6094,23.4453,nominal,0
1781738236,25,,0.0,0.0,38.6094,23.4453,nominal,0
1781738296,16,,0.0,0.0,38.6094,23.4453,nominal,0
1781738357,15,,0.0,0.0,38.6094,23.4453,nominal,0
1781738417,3,,0.0,0.0,38.6094,23.4453,nominal,0
1781738478,53,,0.0,0.0,38.6094,23.4453,nominal,0
1781738538,32,,0.0,0.0,38.6094,23.4453,nominal,0
1781738598,19,,0.0,0.0,38.6094,23.4453,nominal,0
1781738659,15,,0.0,0.0,38.6094,23.4453,nominal,0
1781738719,8,,0.0,0.0,38.6094,23.4453,nominal,0
1781738780,18,,0.0,0.0,38.6094,23.4453,nominal,0
1781738840,12,,0.0,0.0,38.6094,23.4453,nominal,0
1781738901,42,,0.0,0.0,38.6094,23.4453,nominal,0
1781738961,21,,0.0,0.0,38.6094,23.4453,nominal,0
1781739022,52,,0.0,0.0,38.6094,23.4453,nominal,0
1781739082,34,,0.0,0.0,38.6094,23.4453,nominal,0
1781739143,26,,0.0,0.0,38.6094,23.4453,nominal,0
1781739203,13,,0.0,0.0,38.6094,23.4453,nominal,0
1781739264,1,,0.0,0.0,38.6094,23.4453,nominal,0
1781739324,70,,0.0,0.0,38.6094,23.4453,nominal,0
1781739385,25,,0.0,0.0,38.6094,23.4453,nominal,0
1781739445,9,,0.0,0.0,38.6094,23.4453,nominal,0
1781739506,15,,0.0,0.0,38.6094,23.4453,nominal,0
1781739566,53,,0.0,0.0,38.6094,23.4453,nominal,0
1781739627,4,,0.0,0.0,38.6094,23.4453,nominal,0
1781739687,1,,0.0,0.0,38.6094,23.4453,nominal,0
1781739748,31,,0.0,0.0,38.6094,23.4453,nominal,0
1781739808,21,,0.0,0.0,38.6094,23.4453,nominal,0
1781739868,16,,0.0,0.0,38.6094,23.4453,nominal,0
1781739929,3,,0.0,0.0,38.6094,23.4453,nominal,0
1781739989,48,,0.0,0.0,38.6094,23.4453,nominal,0
1781740050,22,,0.0,0.0,38.6094,23.4453,nominal,0
1781740110,18,,0.0,0.0,38.6094,23.4453,nominal,0
1781740171,2,,0.0,0.0,38.6094,23.4453,nominal,0
1781740231,49,,0.0,0.0,38.6094,23.4453,nominal,0
1781740292,43,,0.0,0.0,38.6094,23.4453,nominal,0
1781740352,46,,0.0,0.0,38.6094,23.4453,nominal,0
1781740413,41,,0.0,0.0,38.6094,23.4453,nominal,0
1781740473,28,,0.0,0.0,38.6094,23.4453,nominal,0
1781740533,15,,0.0,0.0,38.6094,23.4453,nominal,0
1781740594,68,,0.0,0.0,38.6094,23.4453,nominal,0
1781740654,51,,0.0,0.0,38.6094,23.4453,nominal,0
1781740715,29,,0.0,0.0,38.6094,23.4453,nominal,0
1781740775,23,,0.0,0.0,38.6094,23.4453,nominal,0
1781740836,18,,0.0,0.0,38.6094,23.4453,nominal,0
1781740896,30,,0.0,0.0,38.6094,23.4453,nominal,0
1781740956,10,,0.0,0.0,38.6094,23.4453,nominal,0
1781741017,63,,0.0,0.0,38.6094,23.4453,nominal,0
1781741077,47,,0.0,0.0,38.6094,23.4453,nominal,0
1781741138,21,,0.0,0.0,38.6094,23.4453,nominal,0
1781741198,9,,0.0,0.0,38.6094,23.4453,nominal,0
1781741259,3,,0.0,0.0,38.6094,23.4453,nominal,0
1781741319,67,,0.0,0.0,38.6094,23.4453,nominal,0
1781741379,54,,0.0,0.0,38.6094,23.4453,nominal,0
1781741440,40,,0.0,0.0,38.6094,23.4453,nominal,0
1781741500,39,,0.0,0.0,38.6094,23.4453,nominal,0
1781741561,40,,0.0,0.0,38.6094,23.4453,nominal,0
1781741621,26,,0.0,0.0,38.6094,23.4453,nominal,0
1781741682,16,,0.0,0.0,38.6094,23.4453,nominal,0
1781741742,9,,0.0,0.0,38.6094,23.4453,nominal,0
1781741802,7,,0.0,0.0,38.6094,23.4453,nominal,0
1781741863,57,,0.0,0.0,38.6094,23.4453,nominal,0
1781741923,47,,0.0,0.0,38.6094,23.4453,nominal,0
1781741984,43,,0.0,0.0,38.6094,23.4453,nominal,0
1781742044,22,,0.0,0.0,38.6094,23.4453,nominal,0
1781742105,48,,0.0,0.0,38.6094,23.4453,nominal,0
1781742165,0,,0.0,0.0,38.6094,23.4453,nominal,0
1781742226,23,,0.0,0.0,38.6094,23.4453,nominal,0
1781742286,11,,0.0,0.0,38.6094,23.4453,nominal,0
1781742346,0,,0.0,0.0,38.6094,23.4453,nominal,0
1781742407,58,,0.0,0.0,38.6094,23.4453,nominal,0
1781742467,56,,0.0,0.0,38.6094,23.4453,nominal,0
1781742528,40,,0.0,0.0,38.6094,23.4453,nominal,0
1781742588,35,,0.0,0.0,38.6094,23.4453,nominal,0
1781742649,28,,0.0,0.0,38.6094,23.4453,nominal,0
1781742709,17,,0.0,0.0,38.6094,23.4453,nominal,0
1781742770,6,,0.0,0.0,38.6094,23.4453,nominal,0
1781742830,49,,0.0,0.0,38.6094,23.4453,nominal,0
1781742890,31,,0.0,0.0,38.6094,23.4453,nominal,0
1781742951,45,,0.0,0.0,38.6094,23.4453,nominal,0
1781743011,48,,0.0,0.0,38.6094,23.4453,nominal,0
1781743072,19,,0.0,0.0,38.6094,23.4453,nominal,0
1781743132,13,,0.0,0.0,38.6094,23.4453,nominal,0
1781743193,48,,0.0,0.0,38.6094,23.4453,nominal,0
1781743253,46,,0.0,0.0,38.6094,23.4453,nominal,0
1781743314,57,,0.0,0.0,38.6094,23.4453,nominal,0
1781743374,69,,0.0,0.0,38.6094,23.4453,nominal,0
1781743435,33,,0.0,0.0,38.6094,23.4453,nominal,0
1781743495,12,,0.0,0.0,38.6094,23.4453,nominal,0
1781743556,8,,0.0,0.0,38.6094,23.4453,nominal,0
1781743616,2,,0.0,0.0,38.6094,23.4453,nominal,0
1781743677,0,,0.0,0.0,38.6094,23.4453,nominal,0
1781743737,53,,0.0,0.0,38.6094,23.4453,nominal,0
1781743797,40,,0.0,0.0,38.6094,23.4453,nominal,0
1781743858,23,,0.0,0.0,38.6094,23.4453,nominal,0
1781743918,2,,0.0,0.0,38.6094,23.4453,nominal,0
1781743979,58,,0.0,0.0,38.6094,23.4453,nominal,0
1781744039,47,,0.0,0.0,38.6094,23.4453,nominal,0
1781744100,47,,0.0,0.0,38.6094,23.4453,nominal,0
1781744160,30,,0.0,0.0,38.6094,23.4453,nominal,0
1781744221,2,,0.0,0.0,38.6094,23.4453,nominal,0
1781744294,76,,0.0,0.0,38.6094,23.4453,nominal,0
1781744369,28,,0.0,0.0,38.6094,23.4414,nominal,0
1781744460,64,,0.0,0.0,38.6094,23.4414,nominal,0
1781744520,64,,0.0,0.0,38.6094,23.2422,nominal,0
1781744581,6,,0.0,0.0,38.6094,23.2422,nominal,0
1781744641,57,,0.0,0.0,38.6094,23.2422,nominal,0
1781744702,56,,0.0,0.0,38.6094,23.2422,nominal,0
1781744762,48,,0.0,0.0,38.6094,23.2422,nominal,0
1781744823,41,,0.0,0.0,38.6094,23.2422,nominal,0
1781744883,43,,0.0,0.0,38.6094,23.2422,nominal,0
1781744943,37,,0.0,0.0,38.6094,23.2422,nominal,0
1781745004,27,,0.0,0.0,38.6094,23.2422,nominal,0
1781745064,21,,0.0,0.0,38.6094,23.2422,nominal,0
1781745125,13,,0.0,0.0,38.6094,23.2422,nominal,0
1781745185,4,,0.0,0.0,38.6094,23.2422,nominal,0
1781745246,2,,0.0,0.0,38.6094,23.2422,nominal,0
1781745307,52,,0.0,0.0,38.6094,23.2422,nominal,0
1781745367,1,,0.0,0.0,38.6094,23.2422,nominal,0
1781745427,12,,0.0,0.0,38.6094,23.2422,nominal,0
1781745488,50,,0.0,0.0,38.6094,23.2422,nominal,0
1781745548,6,,0.0,0.0,38.6094,23.2422,nominal,0
1781745609,30,,0.0,0.0,38.6094,23.2422,nominal,0
1781745669,32,,0.0,0.0,38.6094,23.2422,nominal,0
1781745730,14,,0.0,0.0,38.6094,23.2422,nominal,0
1781745790,12,,0.0,0.0,38.6094,23.2422,nominal,0
1781745851,6,,0.0,0.0,38.6094,23.2422,nominal,0
1781745911,55,,0.0,0.0,38.6094,23.2422,nominal,0
1781745972,38,,0.0,0.0,38.6094,23.2422,nominal,0
1781746032,18,,0.0,0.0,38.6094,23.2422,nominal,0
1781746092,4,,0.0,0.0,38.6094,23.2422,nominal,0
1781746153,3,,0.0,0.0,38.6094,23.2422,nominal,0
1781746213,59,,0.0,0.0,38.6094,23.2422,nominal,0
1781746274,2,,0.0,0.0,38.6094,23.2422,nominal,0
1781746334,49,,0.0,0.0,38.6094,23.2422,nominal,0
1781746395,6,,0.0,0.0,38.6094,23.2422,nominal,0
1781746455,53,,0.0,0.0,38.6094,23.2422,nominal,0
1781746516,12,,0.0,0.0,38.6094,23.2422,nominal,0
1781746576,6,,0.0,0.0,38.6094,23.2422,nominal,0
1781746637,14,,0.0,0.0,38.6094,23.2422,nominal,0
1781746697,3,,0.0,0.0,38.6094,23.2422,nominal,0
1781746757,28,,0.0,0.0,38.6094,23.2422,nominal,0
1781746818,2,,0.0,0.0,38.6094,23.2422,nominal,0
1781746878,52,,0.0,0.0,38.6094,23.2422,nominal,0
1781746939,49,,0.0,0.0,38.6094,23.2422,nominal,0
1781746999,41,,0.0,0.0,38.6094,23.2422,nominal,0
1781747060,35,,0.0,0.0,38.6094,23.2422,nominal,0
1781747120,29,,0.0,0.0,38.6094,23.2422,nominal,0
1781747181,18,,0.0,0.0,38.6094,23.2422,nominal,0
1781747241,7,,0.0,0.0,38.6094,25.2227,nominal,0
1781747301,64,,0.0,0.0,38.6094,24.9258,nominal,0
1781747362,60,,0.0,0.0,38.6094,24.9258,nominal,0
1781747422,9,,0.0,0.0,38.6094,24.9258,nominal,0
1781747483,8,,0.0,0.0,38.6094,24.9258,nominal,0
1781747543,66,,0.0,0.0,38.6094,24.9258,nominal,0
1781747604,15,,0.0,0.0,38.6094,24.9258,nominal,0
1781747664,17,,0.0,0.0,38.6094,24.9258,nominal,0
1781747725,30,,0.0,0.0,38.6094,24.9258,nominal,0
1781747785,17,,0.0,0.0,38.6094,24.9258,nominal,0
1781747845,10,,0.0,0.0,38.6094,24.9258,nominal,0
1781747906,11,,0.0,0.0,38.6094,24.9258,nominal,0
1781747966,1,,0.0,0.0,38.6094,24.9258,nominal,0
1781748027,50,,0.0,0.0,38.6094,24.9258,nominal,0
1781748087,15,,0.0,0.0,38.6094,24.9258,nominal,0
1781748148,11,,0.0,0.0,38.6094,24.9258,nominal,0
1781748208,5,,0.0,0.0,38.6094,24.9258,nominal,0
1781748269,29,,0.0,0.0,38.6094,24.9258,nominal,0
1781748329,53,,0.0,0.0,38.6094,24.9258,nominal,0
1781748390,22,,0.0,0.0,38.6094,24.9258,nominal,0
1781748450,48,,0.0,0.0,38.6094,24.9258,nominal,0
1781748510,45,,0.0,0.0,38.6094,24.9258,nominal,0
1781748571,23,,0.0,0.0,38.6094,24.9258,nominal,0
1781748636,44,,0.0,0.0,38.6094,24.9258,nominal,0
1781748700,28,,0.0,0.0,38.6094,24.9258,nominal,0
1781748763,48,,0.0,0.0,38.6094,24.9258,nominal,0
1781748830,0,,0.0,0.0,38.6094,24.9258,nominal,0
1781748904,3,,0.0,0.0,38.6094,24.9258,nominal,0
1781748971,3,,0.0,0.0,38.6094,24.9258,nominal,0
1781749052,63,,0.0,0.0,38.6094,24.9258,nominal,0
1781749112,15,,0.0,0.0,38.6094,24.9258,nominal,0
1781749173,2,,0.0,0.0,38.6094,24.9258,nominal,0
1781749233,3,,0.0,0.0,38.6094,24.9258,nominal,0
1781749296,10,,0.0,0.0,38.6094,24.9258,nominal,0
1781749366,20,,0.0,0.0,38.6094,24.9258,nominal,0
1781749455,17,,0.0,0.0,38.6094,23.1445,nominal,0
1781749516,16,,0.0,0.0,38.6094,23.1445,nominal,0
1781749576,8,,0.0,0.0,38.6094,23.1445,nominal,0
1781749637,10,,0.0,0.0,38.6094,23.1445,nominal,0
1781749697,2,,0.0,0.0,38.6094,23.1758,nominal,0
1781749758,49,,0.0,0.0,38.6094,23.1836,nominal,0
1781749818,41,,0.0,0.0,38.6094,23.1875,nominal,0
1781749879,41,,0.0,0.0,38.6094,23.1875,nominal,0
1781749939,31,,0.0,0.0,38.6094,23.1875,nominal,0
1781750000,15,,0.0,0.0,38.6094,23.1875,nominal,0
1781750060,23,,0.0,0.0,38.6094,23.1875,nominal,0
1781750120,2,,0.0,0.0,38.6094,23.1875,nominal,0
1781750181,4,,0.0,0.0,38.6094,23.1875,nominal,0
1781750246,43,,0.0,0.0,38.6094,23.1875,nominal,0
1781750312,37,,0.0,0.0,38.6094,23.1875,nominal,0
1781750377,1,,0.0,0.0,38.6094,23.1875,nominal,0
1781750440,21,,0.0,0.0,38.6094,23.1875,nominal,0
1781750504,0,,0.0,0.0,38.6094,23.1875,nominal,0
1781750570,38,,0.0,0.0,38.6094,24.9336,nominal,0
1781750635,49,,0.0,0.0,38.6094,24.9336,nominal,0
1781750698,36,,0.0,0.0,38.6094,24.9336,nominal,0
1781750769,30,,0.0,0.0,38.6094,24.9336,nominal,0
1781750835,50,,0.0,0.0,38.6094,24.9336,nominal,0
1781750897,7,,0.0,0.0,38.6094,24.9336,nominal,0
1781750970,44,,0.0,0.0,38.6094,24.9336,nominal,0
1781751038,17,,0.0,0.0,38.6094,24.9336,nominal,0
1781751118,40,,0.0,0.0,38.6094,26.3594,nominal,0
1781751200,17,,0.0,0.0,38.6094,26.3633,nominal,0
1781751285,8,,0.0,0.0,38.6094,26.3633,nominal,0
1781751350,24,,0.0,0.0,38.6094,25.3789,nominal,0
1781751415,34,,0.0,0.0,38.6094,25.3789,nominal,0
1781751479,12,,0.0,0.0,38.6094,25.3789,nominal,0
1781751539,42,,0.0,0.0,38.6094,25.3789,nominal,0
1781751600,,,0.0,0.0,38.6094,23.0391,,0
1781751663,,,0.0,0.0,38.6094,23.0625,,0
1781751727,,,0.0,0.0,38.6094,23.0781,,0
1781751790,,,0.0,0.0,38.6094,23.0547,,0
1781751853,30,,0.0,0.0,38.6094,23.1875,degraded,0
1781751914,18,,0.0,0.0,38.6094,23.1758,nominal,0
1781751974,22,,0.0,0.0,38.6094,23.1758,nominal,0
1781752035,15,,0.0,0.0,38.6094,23.1758,nominal,0
1781752095,19,,0.0,0.0,38.6094,23.1758,nominal,0
1781752156,21,,0.0,0.0,38.6094,23.1836,nominal,0
1781752216,11,,0.0,0.0,38.6094,23.1836,nominal,0
1781752277,55,,0.0,0.0,38.6094,23.1836,nominal,0
1781752337,49,,0.0,0.0,38.6094,23.1836,nominal,0
1781752397,34,,0.0,0.0,38.6094,23.1836,nominal,0
1781752458,19,,0.0,0.0,38.6094,23.1836,nominal,0
1781752518,6,,0.0,0.0,38.6094,23.1836,nominal,0
1781752579,61,,0.0,0.0,38.6094,23.1836,nominal,0
1781752639,57,,0.0,0.0,38.6094,23.1836,nominal,0
1781752700,39,,0.0,0.0,38.6094,23.1836,nominal,0
1781752760,39,,0.0,0.0,38.6094,23.1836,nominal,0
1781752821,43,,0.0,0.0,38.6094,23.1836,nominal,0
1781752881,29,,0.0,0.0,38.6094,23.1836,nominal,0
1781752941,15,,0.0,0.0,38.6094,23.1836,nominal,0
1781753002,2,,0.0,0.0,38.6094,23.1836,nominal,0
1781753062,56,,0.0,0.0,38.6094,23.1836,nominal,0
1781753123,7,,0.0,0.0,38.6094,23.1836,nominal,0
1781753183,4,,0.0,0.0,38.6094,23.1836,nominal,0
1781753244,57,,0.0,0.0,38.6094,23.1836,nominal,0
1781753304,2,,0.0,0.0,38.6094,23.1836,nominal,0
1781753372,1,,0.0,0.0,38.6094,23.1836,nominal,0
1781753450,36,,0.0,0.0,38.6094,23.1875,nominal,0
1781753524,49,,0.0,0.0,38.6094,23.1875,nominal,0
1781753585,42,,0.0,0.0,38.6094,23.1875,nominal,0
1781753645,35,,0.0,0.0,38.6094,23.1875,nominal,0
1781753706,33,,0.0,0.0,38.6094,23.1875,nominal,0
1781753766,15,,0.0,0.0,38.6094,23.1875,nominal,0
1781753827,8,,0.0,0.0,38.6094,23.1875,nominal,0
1781753887,11,,0.0,0.0,38.6094,23.1875,nominal,0
1781753947,65,,0.0,0.0,38.6094,23.1875,nominal,0
1781754008,65,,0.0,0.0,38.6094,23.1875,nominal,0
1781754068,31,,0.0,0.0,38.6094,23.1875,nominal,0
1781754129,15,,0.0,0.0,38.6094,23.1875,nominal,0
1781754189,58,,0.0,0.0,38.6094,23.1875,nominal,0
1781754250,26,,0.0,0.0,38.6094,23.1875,nominal,0
1781754310,0,,0.0,0.0,38.6094,23.1875,nominal,0
1781754370,48,,0.0,0.0,38.6094,23.1875,nominal,0
1781754431,20,,0.0,0.0,38.6094,23.1875,nominal,0
1781754491,62,,0.0,0.0,38.6094,23.1875,nominal,0
1781754552,53,,0.0,0.0,38.6094,23.1875,nominal,0
1781754612,20,,0.0,0.0,38.6094,23.5039,nominal,0
1781754673,25,,0.0,0.0,38.6094,23.5039,nominal,0
1781754733,1,,0.0,0.0,38.6094,23.5039,nominal,0
1781754793,19,,0.0,0.0,38.6094,23.5039,nominal,0
1781754854,2,,0.0,0.0,38.6094,23.5039,nominal,0
1781754914,19,,0.0,0.0,38.6094,23.5039,nominal,0
1781754975,2,,0.0,0.0,38.6094,23.5039,nominal,0
1781755035,,,0.0,0.0,38.6094,23.25,,0
1781755099,,,0.0,0.0,38.6094,23.2969,,0
1781755162,,,0.0,0.0,38.6094,23.2695,,0
1781755226,15,,0.0,0.0,38.6094,23.3477,degraded,0
1781755286,39,,0.0,0.0,38.6094,23.3516,nominal,0
1781755347,29,,0.0,0.0,38.6094,23.3516,nominal,0
1781755407,35,,0.0,0.0,38.6094,23.3516,nominal,0
1781755467,18,,0.0,0.0,38.6094,23.3516,nominal,0
1781755528,51,,0.0,0.0,38.6094,23.3516,nominal,0
1781755589,45,,0.0,0.0,38.6094,23.3516,nominal,0
1781755649,,,,,38.6094,23.2539,,0
1781755713,54,,,,38.6094,23.3516,degraded,0
1781755773,,,,,38.6094,23.2891,,0
1781755837,,,,,38.6094,23.2539,,0
1781755900,,,,,38.6094,23.2852,,0
1781755963,37644,,,,38.6094,23.3984,local_only,0
1781756024,98044,,,,38.6094,23.3984,local_only,0
1781756084,158463,,,,38.6094,23.3984,local_only,0
1781756145,218858,,,,38.6094,23.3984,local_only,0
1781756205,279265,,,,38.6094,23.3984,local_only,0
1781756265,339682,,,,38.6094,23.3984,safe,0
1781756326,400101,,,,38.6094,23.3984,safe,0
1781756386,460498,,,,38.6094,23.3984,safe,0
1781756447,520898,,,,38.6094,23.3984,safe,0
1781756507,581304,,,,38.6094,23.3984,safe,0
1781756568,16,,,,38.6094,23.3984,nominal,0
1781756628,57,,,,38.6094,23.3984,nominal,0
1781756688,39,,,,38.6094,23.3984,nominal,0
1781756749,16,,,,38.6094,23.3984,nominal,0
1781756809,26,,,,38.6094,23.3984,nominal,0
1781756870,2,,,,38.6094,23.3984,nominal,0
1781756930,6,,,,38.6094,23.3984,nominal,0
1781756991,22,,,,38.6094,23.3984,nominal,0
1781757051,58,,,,38.6094,23.3984,nominal,0
1781757114,23,,,,38.6094,23.3984,nominal,0
1781757174,5,,,,38.6094,23.3984,nominal,0
1781757235,35,,,,38.6094,23.3984,nominal,0
1781757303,59,,,,38.6094,23.2344,nominal,0
1781757388,11,,,,38.6094,23.2344,nominal,0
1781757449,68,,,,38.6094,23.2344,nominal,0
1781757509,5,,,,38.6133,23.2344,nominal,0
1781757570,,,,,38.6094,23.1055,,0
1781757633,,,,,38.6094,23.0938,,0
1781757697,,,,,38.6094,23.125,,0
1781757760,,,,,38.6094,23.1094,,0
1781757824,7190,,,,38.6094,23.1836,local_only,0
1781757884,67688,,,,38.6094,23.1836,local_only,0
1781757945,128085,,,,38.6094,23.1836,local_only,0
1781758005,188477,,,,38.6094,23.1836,local_only,0
1781758065,248879,,,,38.6094,23.1836,local_only,0
1781758126,309282,,,,38.6094,23.2148,safe,0
1781758186,369678,,,,38.6094,23.2148,safe,0
1781758247,430083,,,,38.6094,23.2148,nominal,0
1781758307,11,,,,38.6094,23.2148,nominal,0
1781758368,9,,,,38.6094,23.2148,nominal,0
1781758428,10,,,,38.6094,23.2148,nominal,0
1781758489,48,,,,38.6094,23.2148,nominal,0
1781758549,47,,,,38.6094,23.168,nominal,0
1781758609,22,,,,38.6094,23.168,nominal,0
1781758670,4,,,,38.6094,23.168,nominal,0
1781758730,2,,,,38.6094,23.168,nominal,0
1781758792,60,,,,38.6094,23.168,nominal,0
1781758853,31,,,,38.6094,23.168,nominal,0
1781758913,2,,,,38.6094,23.1719,nominal,0
1781758973,57,,,,38.6094,23.1719,nominal,0
1781759034,55,,,,38.6094,23.1719,nominal,0
1781759094,27,,,,38.6094,23.1719,nominal,0
1781759155,20,,,,38.6094,23.1719,nominal,0
1781759215,3,,,,38.6094,23.1719,nominal,0
1781759276,2,,,,38.6094,23.1719,nominal,0
1781759336,52,,,,38.6094,23.1719,nominal,0
1781759396,22,,,,38.6094,23.1719,nominal,0
1781759457,2,,,,38.6094,23.1719,nominal,0
1781759517,42,,,,38.6094,23.1719,nominal,0
1781759578,21,,,,38.6094,23.1719,nominal,0
1781759638,7,,,,38.6094,23.1719,nominal,0
1781759699,44,,,,38.6094,23.1719,nominal,0
1781759759,29,,,,38.6094,23.2031,nominal,0
1781759819,53,,,,38.6094,23.1875,nominal,0
1781759880,47,,,,38.6094,23.1875,nominal,0
1781759940,46,,,,38.6094,23.2188,nominal,0
1781760001,19,,,,38.6094,23.2188,nominal,0
1781760061,24,,,,38.6094,23.2188,nominal,0
1781760122,2,,,,38.6094,23.2188,nominal,0
1781760182,46,,,,38.6094,23.2188,nominal,0
1781760243,24,,,,38.6094,23.2188,nominal,0
1781760303,1,,,,38.6094,23.2188,nominal,0
1781760363,33,,,,38.6094,23.2188,nominal,0
1781760424,33,,,,38.6094,23.2188,nominal,0
1781760484,12,,,,38.6094,23.2188,nominal,0
1781760545,1,,,,38.6094,23.2188,nominal,0
1781760605,47,,,,38.6094,23.2188,nominal,0
1781760666,26,,,,38.6094,23.2188,nominal,0
1781760726,16,,,,38.6094,23.2188,nominal,0
1781760787,12,,,,38.6094,23.2188,nominal,0
1781760847,67,,,,38.6094,23.2188,nominal,0
1781760907,57,,,,38.6094,23.2188,nominal,0
1781760968,48,,,,38.6094,23.2188,nominal,0
1781761028,25,,,,38.6094,23.2188,nominal,0
1781761089,3,,,,38.6094,23.2188,nominal,0
1781761149,56,,,,38.6094,23.2188,nominal,0
1781761210,31,,,,38.6094,23.2188,nominal,0
1781761270,10,,,,38.6094,23.2188,nominal,0
1781761331,43,,,,38.6094,23.2188,nominal,0
1781761391,22,,,,38.6094,23.2188,nominal,0
1781761451,0,,,,38.6094,23.2188,nominal,0
1781761512,36,,,,38.6094,23.2188,nominal,0
1781761572,26,,,,38.6094,23.2188,nominal,0
1781761633,8,,,,38.6094,23.2188,nominal,0
1781761693,45,,,,38.6094,23.2188,nominal,0
1781761754,39,,,,38.6094,23.2188,nominal,0
1781761814,35,,,,38.6094,23.2188,nominal,0
1781761874,13,,,,38.6094,23.2188,nominal,0
1781761935,1,,,,38.6094,23.2188,nominal,0
1781761995,38,,,,38.6094,23.2188,nominal,0
1781762056,19,,,,38.6094,23.2188,nominal,0
1781762116,66,,,,38.6094,23.2188,nominal,0
1781762177,52,,,,38.6094,23.2188,nominal,0
1781762237,29,,,,38.6094,23.2188,nominal,0
1781762297,6,,,,38.6094,23.2188,nominal,0
1781762358,11,,,,38.6094,23.2188,nominal,0
1781762418,0,,,,38.6094,23.2188,nominal,0
1781762479,58,,,,38.6094,23.2188,nominal,0
1781762539,50,,,,38.6094,23.2188,nominal,0
1781762600,27,,,,38.6094,23.2188,nominal,0
1781762660,,,,,38.6094,23.2461,,0
1781762724,,,,,38.6094,23.3008,,0
1781762787,,,,,38.6094,23.2695,,0
1781762850,50,,,,38.6094,23.3477,degraded,0
1781762911,28,,,,38.6094,23.3477,degraded,0
1781762971,14,,,,38.6094,23.3477,nominal,0
1781763032,54,,,,38.6094,23.3789,nominal,0
1781763092,26,,,,38.6094,23.3789,nominal,0
1781763153,24,,,,38.6094,23.3789,nominal,0
1781763213,7,,,,38.6094,23.3828,nominal,0
1781763274,40,,,,38.6094,23.3828,nominal,0
1781763334,,,,,38.6094,23.2617,,0
1781763397,,,,,38.6094,23.3086,,0
1781763461,,,,,38.6094,23.2656,,0
1781763524,,,,,38.6094,23.2695,,0
1781763588,,,,,38.6094,23.3594,,0
1781763651,14,,,,38.6094,23.3398,degraded,0
1781763712,17,,,,38.6094,23.3398,nominal,0
1781763772,1,,,,38.6094,23.3398,nominal,0
1781763833,43,,,,38.6094,23.3398,nominal,0
1781763893,40,,,,38.6094,23.3398,nominal,0
1781763953,24,,,,38.6094,23.3711,nominal,0
1781764014,38,,,,38.6094,23.3711,nominal,0
1781764074,,,,,38.6094,23.2812,,0
1781764138,,,,,38.6094,23.2578,,0
1781764201,None,,,,38.6094,23.3125,degraded,0
1781764264,34,,,,38.6094,23.3789,degraded,0
1781764324,18,,,,38.6094,23.3789,nominal,0
1781764385,7,,,,38.6094,23.3789,nominal,0
1781764446,46,,,,38.6094,23.3828,nominal,0
1781764507,5,,,,38.6094,23.3477,nominal,0
1781764568,25,,,,38.6094,23.3477,nominal,0
1781764628,,,,,38.6094,23.2891,,0
1781764692,56,,,,38.6094,23.3516,degraded,0
1781764753,None,,,,38.6094,,degraded,0
1781764814,13,,,,38.6094,23.4141,degraded,0
1781764875,,,,,38.6094,23.2695,,0
1781764939,12797,,,,38.6094,23.3828,local_only,0
1781764999,73682,,,,38.6094,23.418,local_only,0
1781765060,134389,,,,38.6094,23.418,local_only,0
1781765121,195081,,,,38.6094,23.418,local_only,0
1781765181,255733,,,,38.6094,23.418,local_only,0
1781765242,316595,,,,38.6094,23.418,safe,0
1781765303,377311,,,,38.6094,23.418,safe,0
1781765364,438050,,,,38.6094,23.418,safe,0
1781765425,498951,,,,38.6094,23.418,safe,0
1781765485,559716,,,,38.6094,23.418,safe,0
1781765546,40,,,,38.6094,23.418,nominal,0
1781765607,73,,,,38.6094,23.418,nominal,0
1781765668,12,,,,38.6094,23.418,nominal,0
1781765728,3,,,,38.6094,23.418,nominal,0
1781765789,33,,,,38.6094,23.418,nominal,0
1781765850,1,,,,38.6094,23.418,nominal,0
1781765911,16,,,,38.6094,23.418,nominal,0
1781765971,7,,,,38.6094,23.418,nominal,0
1781766032,56,,,,38.6094,23.418,nominal,0
1781766093,18,,,,38.6094,23.418,nominal,0
1781766154,16,,,,38.6094,23.418,nominal,0
1781766214,21,,,,38.6094,23.418,nominal,0
1781766275,0,,,,38.6094,23.418,nominal,0
1781766336,42,,,,38.6094,23.418,nominal,0
1781766397,53,,,,38.6094,23.418,nominal,0
1781766457,13,,,,38.6094,23.418,nominal,0
1781766518,31,,,,38.6094,23.418,nominal,0
1781766579,39,,,,38.6094,23.418,nominal,0
1781766640,17,,,,38.6094,23.418,nominal,0
1781766700,18,,,,38.6094,23.418,nominal,0
1781766761,46,,,,38.6094,23.418,nominal,0
1781766822,53,,,,38.6094,23.418,nominal,0
1781766883,11,,,,38.6094,23.418,nominal,0
1781766944,5,,,,38.6094,23.418,nominal,0
1781767004,36,,,,38.6094,23.418,nominal,0
1781767065,3,,,,38.6094,23.418,nominal,0
1781767126,21,,,,38.6094,23.418,nominal,0
1781767187,32,,,,38.6094,23.418,nominal,0
1781767248,16,,,,38.6094,23.418,nominal,0
1781767308,20,,,,38.6094,23.418,nominal,0
1781767369,1,,,,38.6094,23.418,nominal,0
1781767430,25,,,,38.6094,23.418,nominal,0
1781767491,0,,,,38.6094,23.418,nominal,0
1781767552,10,,,,38.6094,23.418,nominal,0
1781767613,17,,,,38.6094,23.418,nominal,0
1781767673,66,,,,38.6094,23.418,nominal,0
1781767734,19,,,,38.6094,23.418,nominal,0
1781767795,17,,,,38.6094,23.418,nominal,0
1781767856,65,,,,38.6094,23.418,nominal,0
1781767916,9,,,,38.6094,23.418,nominal,0
1781767977,23,,,,38.6094,23.418,nominal,0
1781768038,41,,,,38.6094,23.418,nominal,0
1781768102,60,,,,38.6094,23.418,nominal,0
1781768201,25,,,,38.6094,23.418,nominal,0
1781768262,37,,,,38.6094,23.418,nominal,0
1781768323,,,,,38.6094,23.2852,,0
1781768387,32,,,,38.6094,23.3828,degraded,0
1781768448,29,,,,38.6094,23.3828,degraded,0
1781768509,46,,,,38.6094,23.1953,nominal,0
1781768570,32,,,,38.6094,23.418,nominal,0
1781768631,None,,,,38.6094,,degraded,0
1781768692,44,,,,38.6094,23.3633,degraded,0
1781768753,11,,,,38.6094,23.3633,nominal,0
1781768814,16,,,,38.6094,23.3633,nominal,0
1781768875,56,,,,38.6094,23.3633,nominal,0
1781768935,34,,,,38.6094,23.3633,nominal,0
1781768996,22,,,,38.6094,23.3633,nominal,0
1781769057,22,,,,38.6094,23.3633,nominal,0
1781769118,2,,,,38.6094,23.3633,nominal,0
1781769179,55,,,,38.6094,23.3672,nominal,0
1781769240,18,,,,38.6094,23.3672,nominal,0
1781769301,44,,,,38.6094,23.3672,nominal,0
1781769362,31,,,,38.6094,23.3672,nominal,0
1781769422,13,,,,38.6094,23.3672,nominal,0
1781769483,57,,,,38.6094,23.3672,nominal,0
1781769544,38,,,,38.6094,23.3672,nominal,0
1781769605,26,,,,38.6094,23.3672,nominal,0
1781769666,0,,,,38.6094,23.3672,nominal,0
1781769727,61,,,,38.6094,23.3672,nominal,0
1781769787,53,,,,38.6094,23.3672,nominal,0
1781769848,21,,,,38.6094,23.3672,nominal,0
1781769909,0,,,,38.6094,23.3672,nominal,0
1781769970,71,,,,38.6094,23.3672,nominal,0
1781770031,52,,,,38.6094,23.3672,nominal,0
1781770092,15,,,,38.6094,23.3672,nominal,0
1781770153,72,,,,38.6094,23.3672,nominal,0
1781770213,58,,,,38.6094,23.3672,nominal,0
1781770274,20,,,,38.6094,23.3672,nominal,0
1781770335,47,,,,38.6094,23.3672,nominal,0
1781770396,16,,,,38.6094,23.3672,nominal,0
1781770457,21,,,,38.6094,23.3672,nominal,0
1781770518,62,,,,38.6094,23.3672,nominal,0
1781770578,0,,,,38.6094,23.3672,nominal,0
1781770639,53,,,,38.6094,23.3672,nominal,0
1781770700,11,,,,38.6094,23.3672,nominal,0
1781770761,19,,,,38.6094,23.3672,nominal,0
1781770822,4,,,,38.6094,23.3672,nominal,0
1781770883,15,,,,38.6094,23.3672,nominal,0
1781770944,14,,,,38.6094,23.3672,nominal,0
1781771005,10,,,,38.6094,23.3672,nominal,0
1781771065,41,,,,38.6094,23.3672,nominal,0
1781771126,23,,,,38.6094,23.3672,nominal,0
1781771187,9,,,,38.6094,23.3672,nominal,0
1781771248,8,,,,38.6094,23.3672,nominal,0
1781771309,32,,,,38.6133,23.3672,nominal,0
1781771370,56,,,,38.6094,23.3672,nominal,0
1781771430,27,,,,38.6094,23.3672,nominal,0
1781771491,5,,,,38.6094,23.3672,nominal,0
1781771552,15,,,,38.6094,23.3672,nominal,0
1781771613,21,,,,38.6094,23.3672,nominal,0
1781771674,25,,,,38.6094,23.3672,nominal,0
1781771735,3,,,,38.6094,23.3672,nominal,0
1781771795,10,,,,38.6094,23.3672,nominal,0
1781771856,5,,,,38.6094,23.3984,nominal,0
1781771917,,,,,38.6094,23.3008,,0
1781771981,32,,,,38.6094,23.3477,degraded,0
1781772042,40,,,,38.6094,23.3789,degraded,0
1781772103,8,,,,38.6094,23.4102,nominal,0
1781772164,,,,,38.6094,23.2852,,0
1781772228,63,,,,38.6094,23.3516,degraded,0
1781772289,23,,,,38.6094,23.3867,degraded,0
1781772350,75,,,,38.6094,23.3867,nominal,0
1781772410,66,,,,38.6094,23.3867,nominal,0
1781772471,32,,,,38.6094,23.3867,nominal,0
1781772532,6,,,,38.6094,23.3867,nominal,0
1781772593,27,,,,38.6094,23.3867,nominal,0
1781772654,74,,,,38.6094,23.3867,nominal,0
1781772715,56,,,,38.6094,23.3867,nominal,0
1781772775,4,,,,38.6094,23.3867,nominal,0
1781772836,24,,,,38.6094,23.3867,nominal,0
1781772897,9,,,,38.6094,23.3867,nominal,0
1781772958,18,,,,38.6094,23.3867,nominal,0
1781773019,15,,,,38.6094,23.418,nominal,0
1781773080,9,,,,38.6094,23.3906,nominal,0
1781773140,61,,,,38.6094,23.3945,nominal,0
1781773201,62,,,,38.6094,23.3945,nominal,0
1781773262,48,,,,38.6094,23.3945,nominal,0
1781773323,10,,,,38.6094,23.3945,nominal,0
1781773384,80,,,,38.6094,23.3945,nominal,0
1781773445,57,,,,38.6094,23.3945,nominal,0
1781773506,39,,,,38.6094,23.3945,nominal,0
1781773566,53,,,,38.6094,23.3945,nominal,0
1781773627,11,,,,38.6094,23.3945,nominal,0
1781773688,47,,,,38.6094,23.3945,nominal,0
1781773749,65,,,,38.6094,23.3945,nominal,0
1781773810,73,,,,38.6094,23.3945,nominal,0
1781773871,21,,,,38.6094,23.3945,nominal,0
1781773931,18,,,,38.6094,23.3945,nominal,0
1781773992,13,,,,38.6094,23.3945,nominal,0
1781774053,7,,,,38.6094,23.3945,nominal,0
1781774114,27,,,,38.6094,23.3945,nominal,0
1781774175,90,,,,38.6094,23.3945,nominal,0
1781774236,25,,,,38.6094,23.3945,nominal,0
1781774297,12,,,,38.6094,23.3945,nominal,0
1781774358,5,,,,38.6094,23.3945,nominal,0
1781774419,18,,,,38.6094,23.3945,nominal,0
1781774480,6,,,,38.6094,23.3945,nominal,0
1781774540,20,,,,38.6094,23.3945,nominal,0
1781774601,12,,,,38.6094,23.3945,nominal,0
1781774662,27,,,,38.6094,23.3945,nominal,0
1781774723,19,,,,38.6094,23.3945,nominal,0
1781774784,5,,,,38.6094,23.3945,nominal,0
1781774845,54,,,,38.6094,23.3945,nominal,0
1781774906,25,,,,38.6094,23.3945,nominal,0
1781774966,3,,,,38.6094,23.3945,nominal,0
1781775027,22,,,,38.6094,23.3945,nominal,0
1781775088,11,,,,38.6094,23.3945,nominal,0
1781775149,0,,,,38.6094,23.3945,nominal,0
1781775210,9,,,,38.6133,23.3945,nominal,0
1781775271,22,,,,38.6094,23.3945,nominal,0
1781775331,20,,,,38.6094,23.3945,nominal,0
1781775392,73,,,,38.6094,23.3945,nominal,0
1781775453,5,,,,38.6094,23.3945,nominal,0
1781775514,56,,,,38.6094,23.3945,nominal,0
1781775575,65,,,,38.6094,23.3945,nominal,0
1781775636,9,,,,38.6094,23.3945,nominal,0
1781775696,46,,,,38.6094,23.3945,nominal,0
1781775757,62,,,,38.6094,23.3945,nominal,0
1781775818,28,,,,38.6094,23.3945,nominal,0
1781775879,42,,,,38.6094,23.3945,nominal,0
1781775940,12,,,,38.6094,23.3945,nominal,0
1781776001,26,,,,38.6094,23.3945,nominal,0
1781776061,0,,,,38.6094,23.3945,nominal,0
1781776122,14,,,,38.6094,23.3945,nominal,0
1781776183,37,,,,38.6094,23.3945,nominal,0
1781776244,38,,,,38.6094,23.3945,nominal,0
1781776305,7,,,,38.6094,23.3945,nominal,0
1781776366,54,,,,38.6094,23.3945,nominal,0
1781776426,21,,,,38.6094,23.3945,nominal,0
1781776487,63,,,,38.6094,23.3945,nominal,0
1781776548,66,,,,38.6094,23.3945,nominal,0
1781776609,18,,,,38.6094,23.3945,nominal,0
1781776670,50,,,,38.6094,23.3945,nominal,0
1781776731,58,,,,38.6094,23.3945,nominal,0
1781776791,9,,,,38.6094,23.3945,nominal,0
1781776852,5,,,,38.6094,23.3945,nominal,0
1781776913,18,,,,38.6094,23.3945,nominal,0
1781776974,32,,,,38.6094,23.3945,nominal,0
1781777035,55,,,,38.6094,23.3945,nominal,0
1781777096,30,,,,38.6094,23.3945,nominal,0
1781777156,16,,,,38.6094,23.3945,nominal,0
1781777217,51,,,,38.6094,23.3945,nominal,0
1781777278,24,,,,38.6094,23.3945,nominal,0
1781777339,18,,,,38.6094,23.3945,nominal,0
1781777400,3,,,,38.6094,23.3945,nominal,0
1781777461,13,,,,38.6094,23.3945,nominal,0
1781777522,33,,,,38.6094,23.3945,nominal,0
1781777582,18,,,,38.6094,23.3945,nominal,0
1781777643,2,,,,38.6094,23.3945,nominal,0
1781777704,24,,,,38.6094,23.3945,nominal,0
1781777765,23,,,,38.6094,23.3945,nominal,0
1781777826,16,,,,38.6094,23.3945,nominal,0
1781777887,8,,,,38.6094,23.3945,nominal,0
1781777948,67,,,,38.6094,23.4258,nominal,0
1781778008,17,,,,38.6094,23.4258,nominal,0
1781778069,41,,,,38.6094,23.4258,nominal,0
1781778130,25,,,,38.6094,23.4258,nominal,0
1781778191,49,,,,38.6094,23.4258,nominal,0
1781778252,23,,,,38.6094,23.4258,nominal,0
1781778313,37,,,,38.6094,23.4258,nominal,0
1781778374,20,,,,38.6094,23.4258,nominal,0
1781778434,26,,,,38.6094,23.4258,nominal,0
1781778495,41,,,,38.6094,23.4258,nominal,0
1781778556,42,,,,38.6094,23.4258,nominal,0
1781778617,65,,,,38.6094,23.4258,nominal,0
1781778678,8,,,,38.6094,23.4258,nominal,0
1781778739,59,,,,38.6094,23.4258,nominal,0
1781778799,72,,,,38.6094,23.4258,nominal,0
1781778860,25,,,,38.6094,23.4258,nominal,0
1781778921,58,,,,38.6094,23.4258,nominal,0
1781778982,10,,,,38.6094,23.4258,nominal,0
1781779043,2,,,,38.6094,23.4258,nominal,0
1781779104,14,,,,38.6094,23.4258,nominal,0
1781779164,72,,,,38.6094,23.4258,nominal,0
1781779225,67,,,,38.6094,23.4258,nominal,0
1781779286,31,,,,38.6094,23.4258,nominal,0
1781779347,6,,,,38.6094,23.4258,nominal,0
1781779409,30,,,,38.6094,23.4102,nominal,0
1781779477,7,,,,38.6094,23.4102,nominal,0
1781779538,56,,,,38.6094,23.4102,nominal,0
1781779598,11,,,,38.6094,23.4102,nominal,0
1781779663,4,,,,38.6094,23.4102,nominal,0
1781779725,38,,,,38.6094,23.4102,nominal,0
1781779785,15,,,,38.6094,23.4102,nominal,0
1781779846,48,,,,38.6094,23.4102,nominal,0
1781779907,21,,,,38.6094,23.4102,nominal,0
1781779968,9,,,,38.6094,23.4102,nominal,0
1781780029,26,,,,38.6094,23.4102,nominal,0
1781780089,56,,,,38.6094,23.4102,nominal,0
1781780150,27,,,,38.6094,23.4102,nominal,0
1781780211,35,,,,38.6094,23.4102,nominal,0
1781780272,23,,,,38.6094,23.4102,nominal,0
1781780333,83,,,,38.6094,23.4102,nominal,0
1781780394,46,,,,38.6094,23.4102,nominal,0
1781780455,25,,,,38.6094,23.4102,nominal,0
1781780516,12,,,,38.6094,23.4102,nominal,0
1781780576,26,,,,38.6094,,nominal,0
1781780637,64,,,,38.6094,23.375,nominal,0
1781780698,24,,,,38.6094,23.375,nominal,0
1781780759,29,,,,38.6094,23.375,nominal,0
1781780820,30,,,,38.6094,23.375,nominal,0
1781780881,7,,,,38.6094,23.3789,nominal,0
1781780942,5,,,,38.6094,23.3789,nominal,0
1781781002,23,,,,38.6094,23.3789,nominal,0
1781781063,0,,,,38.6094,23.3789,nominal,0
1781781124,72,,,,38.6094,23.3789,nominal,0
1781781185,61,,,,38.6094,23.3789,nominal,0
1781781246,9,,,,38.6094,23.3789,nominal,0
1781781307,53,,,,38.6094,23.3789,nominal,0
1781781367,47,,,,38.6094,23.3789,nominal,0
1781781428,48,,,,38.6094,23.3789,nominal,0
1781781489,61,,,,38.6094,23.3789,nominal,0
1781781550,59,,,,38.6094,23.3789,nominal,0
1781781611,15,,,,38.6094,23.3789,nominal,0
1781781672,23,,,,38.6094,23.3789,nominal,0
1781781733,26,,,,38.6094,23.3789,nominal,0
1781781794,48,,,,38.6094,23.3789,nominal,0
1781781855,24,,,,38.6094,23.4102,nominal,0
1781781916,19,,,,38.6094,23.4141,nominal,0
1781781976,18,,,,38.6094,23.4141,nominal,0
1781782037,6,,,,38.6094,23.4141,nominal,0
1781782098,3,,,,38.6094,23.4141,nominal,0
1781782159,7,,,,38.6094,23.4141,nominal,0
1781782220,3,,,,38.6094,23.3828,nominal,0
1781782281,33,,,,38.6094,23.3828,nominal,0
1781782341,7,,,,38.6094,23.3828,nominal,0
1781782402,6,,,,38.6094,23.3828,nominal,0
1781782463,61,,,,38.6094,23.3828,nominal,0
1781782524,17,,,,38.6094,23.3828,nominal,0
1781782585,17,,,,38.6094,23.3828,nominal,0
1781782646,16,,,,38.6094,23.3828,nominal,0
1781782706,35,,,,38.6094,23.3828,nominal,0
1781782767,15,,,,38.6094,23.3828,nominal,0
1781782828,21,,,,38.6094,23.3906,nominal,0
1781782889,31,,,,38.6094,26.0898,nominal,0
1781782950,45,,,,38.6094,26.0977,nominal,0
1781783011,8,,,,38.6133,26.9883,nominal,0
1781783072,69,,,,38.6094,27.0273,nominal,0
1781783133,12,,,,38.6094,27.0273,nominal,0
1781783193,17,,,,38.6094,27.0352,nominal,0
1781783254,19,,,,38.6094,27.582,nominal,0
1781783315,18,,,,38.6094,27.5938,nominal,0
1781783376,39,,,,38.6094,27.6016,nominal,0
1781783437,41,,,,38.6094,27.4453,nominal,0
1781783498,14,,,,38.6094,27.4453,nominal,0
1781783558,12,,,,38.6094,27.4453,nominal,0
1781783619,16,,,,38.6094,27.4453,nominal,0
1781783680,13,,,,38.6094,27.4453,nominal,0
1781783741,9,,,,38.6094,27.4492,nominal,0
1781783802,40,,,,38.6094,27.4531,nominal,0
1781783863,37,,,,38.6094,27.4531,nominal,0
1781783924,63,,,,38.6094,27.4531,nominal,0
1781783984,63,,,,38.6094,27.4531,nominal,0
1781784045,44,,,,38.6094,27.4531,nominal,0
1781784106,30,,,,38.6094,27.4531,nominal,0
1781784167,86,,,,38.6094,27.4531,nominal,0
1781784228,35,,,,38.6094,27.4531,nominal,0
1781784289,33,,,,38.6094,27.4531,nominal,0
1781784350,36,,,,38.6094,27.4727,nominal,0
1781784411,2,,,,38.6094,27.5078,nominal,0
1781784471,22,,,,38.6094,27.8672,nominal,0
1781784532,29,,,,38.6094,27.6758,nominal,0
1781784593,57,,,,38.6094,27.6836,nominal,0
1781784654,45,,,,38.6094,27.6875,nominal,0
1781784714,79,,,,38.6094,27.6953,nominal,0
1781784775,4,,,,38.6094,27.6953,nominal,0
1781784836,72,,,,38.6094,27.6953,nominal,0
1781784897,24,,,,38.6094,27.6953,nominal,0
1781784958,8,,,,38.6094,27.6953,nominal,0
1781785018,33,,,,38.6094,27.6953,nominal,0
1781785079,26,,,,38.6094,27.6953,nominal,0
1781785140,37,,,,38.6094,27.6953,nominal,0
1781785201,10,,,,38.6094,27.6953,nominal,0
1781785262,14,,,,38.6094,27.6953,nominal,0
1781785322,17,,,,38.6094,27.6953,nominal,0
1781785383,13,,,,38.6094,27.6953,nominal,0
1781785444,21,,,,38.6094,27.6953,nominal,0
1781785505,,,,,38.6094,23.2891,,0
1781785569,,,,,38.6094,23.2891,,0
1781785633,,,,,38.6094,23.2578,,0
1781785696,,,,,38.6094,23.2578,,0
1781785760,,,,,38.6094,23.2891,,0
1781785824,28,,,,38.6094,23.418,degraded,0
1781785885,,,,,38.6094,23.418,,0
1781785946,,,,,38.6094,23.418,,0
1781786006,13,,,,38.6094,23.418,nominal,0
1781786067,1,,,,38.6094,23.418,nominal,0
1781786128,13,,,,38.6094,23.418,nominal,0
1781786189,23,,,,38.6094,23.418,nominal,0
1781786250,42,,,,38.6094,23.418,nominal,0
1781786310,16,,,,38.6133,23.418,nominal,0
1781786371,3,,,,38.6094,23.418,nominal,0
1781786432,58,,,,38.6094,23.4375,nominal,0
1781786493,29,,,,38.6094,23.4375,nominal,0
1781786554,40,,,,38.6094,23.4375,nominal,0
1781786614,12,,,,38.6094,23.4375,nominal,0
1781786675,20,,,,38.6094,23.4375,nominal,0
1781786736,53,,,,38.6094,23.4375,nominal,0
1781786797,73,,,,38.6094,23.4375,nominal,0
1781786857,38,,,,38.6094,23.4375,nominal,0
1781786918,29,,,,38.6094,23.4375,nominal,0
1781786979,15,,,,38.6094,23.4375,nominal,0
1781787040,51,,,,38.6094,23.4375,nominal,0
1781787101,10,,,,38.6094,23.4375,nominal,0
1781787161,49,,,,38.6094,23.4375,nominal,0
1781787222,11,,,,38.6094,23.4375,nominal,0
1781787283,16,,,,38.6094,23.4375,nominal,0
1781787344,26,,,,38.6094,23.4375,nominal,0
1781787405,33,,,,38.6094,23.4375,nominal,0
1781787465,4,,,,38.6094,23.4375,nominal,0
1781787526,38,,,,38.6094,23.4375,nominal,0
1781787587,31,,,,38.6094,23.4375,nominal,0
1781787648,58,,,,38.6094,23.4375,nominal,0
1781787708,16,,,,38.6094,23.4375,nominal,0
1781787769,27,,,,38.6094,23.4375,nominal,0
1781787830,7,,,,38.6094,23.4375,nominal,0
1781787891,20,,,,38.6094,23.4375,nominal,0
1781787952,37,,,,38.6094,23.4375,nominal,0
1781788012,23,,,,38.6094,23.4375,nominal,0
1781788073,9,,,,38.6094,23.4375,nominal,0
1781788134,2,,,,38.6094,23.4375,nominal,0
1781788195,4,,,,38.6094,23.4375,nominal,0
1781788256,52,,,,38.6094,23.4375,nominal,0
1781788317,36,,,,38.6094,23.4375,nominal,0
1781788377,57,,,,38.6094,23.4375,nominal,0
1781788438,26,,,,38.6094,23.4375,nominal,0
1781788499,65,,,,38.6094,23.4375,nominal,0
1781788560,3,,,,38.6094,23.4375,nominal,0
1781788620,22,,,,38.6094,23.4375,nominal,0
1781788681,33,,,,38.6094,23.4375,nominal,0
1781788742,11,,,,38.6094,23.4375,nominal,0
1781788803,14,,,,38.6094,23.4375,nominal,0
1781788863,16,,,,38.6094,23.4375,nominal,0
1781788924,19,,,,38.6094,23.4375,nominal,0
1781788985,14,,,,38.6094,23.4375,nominal,0
1781789046,73,,,,38.6094,23.4375,nominal,0
1781789106,0,,,,38.6094,23.4375,nominal,0
1781789167,61,,,,38.6094,23.4375,nominal,0
1781789228,24,,,,38.6094,23.4375,nominal,0
1781789289,50,,,,38.6094,23.4375,nominal,0
1781789349,51,,,,38.6094,23.4375,nominal,0
1781789410,28,,,,38.6094,23.4375,nominal,0
1781789471,44,,,,38.6094,23.4375,nominal,0
1781789532,23,,,,38.6094,23.4375,nominal,0
1781789592,62,,,,38.6094,23.4375,nominal,0
1781789653,44,,,,38.6094,23.4375,nominal,0
1781789714,31,,,,38.6094,23.4375,nominal,0
1781789775,57,,,,38.6094,23.4375,nominal,0
1781789836,57,,,,38.6094,23.4375,nominal,0
1781789896,29,,,,38.6094,23.4375,nominal,0
1781789957,45,,,,38.6094,23.4375,nominal,0
1781790018,40,,,,38.6094,23.4375,nominal,0
1781790079,32,,,,38.6094,23.4375,nominal,0
1781790140,40,,,,38.6094,23.4375,nominal,0
1781790201,61,,,,38.6094,23.4375,nominal,0
1781790261,24,,,,38.6094,23.4375,nominal,0
1781790322,40,,,,38.6094,23.4375,nominal,0
1781790383,24,,,,38.6094,23.4375,nominal,0
1781790444,19,,,,38.6094,23.4375,nominal,0
1781790505,19,,,,38.6094,23.4375,nominal,0
1781790565,36,,,,38.6094,23.4375,nominal,0
1781790626,13,,,,38.6094,23.4375,nominal,0
1781790687,13,,,,38.6094,23.4375,nominal,0
1781790747,9,,,,38.6094,23.4375,nominal,0
1781790808,15,,,,38.6094,23.4375,nominal,0
1781790869,11,,,,38.6094,23.4375,nominal,0
1781790930,17,,,,38.6094,23.4375,nominal,0
1781790991,6,,,,38.6094,23.4375,nominal,0
1781791052,28,,,,38.6094,23.3828,nominal,0
1781791113,67,,,,38.6094,23.3828,nominal,0
1781791174,,,,,38.6094,23.2891,,0
1781791237,,,,,38.6094,23.2891,,0
1781791301,24,,,,38.6094,23.3789,degraded,0
1781791362,55,,,,38.6094,23.3789,nominal,0
1781791423,50,,,,38.6094,23.3828,nominal,0
1781791483,64,,,,38.6094,23.3828,nominal,0
1781791544,10,,,,38.6094,23.3828,nominal,0
1781791605,63,,,,38.6094,23.3828,nominal,0
1781791666,47,,,,38.6094,23.3828,nominal,0
1781791727,9,,,,38.6094,23.3828,nominal,0
1781791787,0,,,,38.6094,23.4141,nominal,0
1781791848,20,,,,38.6094,23.4141,nominal,0
1781791909,9,,,,38.6094,23.4141,nominal,0
1781791970,44,,,,38.6094,23.4141,nominal,0
1781792031,6,,,,38.6094,23.4141,nominal,0
1781792091,1,,,,38.6094,23.4141,nominal,0
1781792152,61,,,,38.6094,23.4141,nominal,0
1781792213,3,,,,38.6094,23.4141,nominal,0
1781792274,24,,,,38.6094,23.4141,nominal,0
1781792334,71,,,,38.6094,23.4141,nominal,0
1781792395,23,,,,38.6094,23.4141,nominal,0
1781792456,49,,,,38.6094,23.4141,nominal,0
1781792517,25,,,,38.6094,23.4141,nominal,0
1781792578,22,,,,38.6094,23.4141,nominal,0
1781792639,21,,,,38.6094,23.4141,nominal,0
1781792699,12,,,,38.6094,23.4141,nominal,0
1781792760,7,,,,38.6094,23.4141,nominal,0
1781792821,64,,,,38.6094,23.4141,nominal,0
1781792882,18,,,,38.6094,23.4141,nominal,0
1781792943,27,,,,38.6094,23.4141,nominal,0
1781793003,52,,,,38.6094,23.4141,nominal,0
1781793064,,,,,38.6094,23.2656,,0
1781793128,,,,,38.6094,23.3125,,0
1781793192,44,,,,38.6094,23.4023,degraded,0
1781793253,43,,,,38.6094,23.4023,nominal,0
1781793313,9,,,,38.6094,23.332,nominal,0
1781793374,15,,,,38.6094,23.3594,nominal,0
1781793435,0,,,,38.6094,23.3633,nominal,0
1781793496,26,,,,38.6094,23.3633,nominal,0
1781793557,67,,,,38.6094,23.3672,nominal,0
1781793618,4,,,,38.6094,23.3672,nominal,0
1781793678,19,,,,38.6094,23.3672,nominal,0
1781793739,19,,,,38.6094,23.3672,nominal,0
1781793800,11,,,,38.6094,23.3672,nominal,0
1781793861,36,,,,38.6094,23.3672,nominal,0
1781793922,57,,,,38.6094,23.3672,nominal,0
1781793983,68,,,,38.6094,23.3672,nominal,0
1781794044,20,,,,38.6094,23.3672,nominal,0
1781794105,6,,,,38.6094,23.3672,nominal,0
1781794165,23,,,,38.6094,23.3672,nominal,0
1781794226,28,,,,38.6094,23.3672,nominal,0
1781794287,29,,,,38.6094,23.3672,nominal,0
1781794348,23,,,,38.6094,23.3672,nominal,0
1781794409,0,,,,38.6094,23.3672,nominal,0
1781794470,18,,,,38.6094,23.3672,nominal,0
1781794530,48,,,,38.6094,23.3672,nominal,0
1781794591,69,,,,38.6094,23.3672,nominal,0
1781794652,10,,,,38.6094,23.3672,nominal,0
1781794713,51,,,,38.6094,23.3672,nominal,0
1781794774,63,,,,38.6094,23.3672,nominal,0
1781794834,66,,,,38.6094,23.3672,nominal,0
1781794895,46,,,,38.6094,23.3672,nominal,0
1781794956,6,,,,38.6094,23.3672,nominal,0
1781795017,13,,,,38.6133,23.3672,nominal,0
1781795078,26,,,,38.6094,23.3672,nominal,0
1781795139,24,,,,38.6094,23.3672,nominal,0
1781795200,61,,,,38.6094,23.3672,nominal,0
1781795260,63,,,,38.6094,23.3672,nominal,0
1781795321,6,,,,38.6094,23.3672,nominal,0
1781795382,15,,,,38.6094,23.3672,nominal,0
1781795443,14,,,,38.6094,23.3672,nominal,0
1781795504,54,,,,38.6094,23.3672,nominal,0
1781795565,1,,,,38.6094,23.3672,nominal,0
1781795625,37,,,,38.6094,23.3672,nominal,0
1781795686,53,,,,38.6094,23.3672,nominal,0
1781795747,0,,,,38.6094,23.3672,nominal,0
1781795808,21,,,,38.6094,23.3672,nominal,0
1781795869,63,,,,38.6094,23.3672,nominal,0
1781795930,28,,,,38.6094,23.3672,nominal,0
1781795990,46,,,,38.6094,23.3672,nominal,0
1781796051,15,,,,38.6094,23.3672,nominal,0
1781796112,55,,,,38.6094,23.3672,nominal,0
1781796173,63,,,,38.6094,23.3672,nominal,0
1781796234,46,,,,38.6094,23.3672,nominal,0
1781796295,51,,,,38.6094,23.3672,nominal,0
1781796356,53,,,,38.6094,23.3672,nominal,0
1781796417,21,,,,38.6094,23.3672,nominal,0
1781796477,19,,,,38.6094,23.3672,nominal,0
1781796538,14,,,,38.6094,23.3984,nominal,0
1781796599,67,,,,38.6094,23.3984,nominal,0
1781796660,27,,,,38.6094,23.4805,nominal,0
1781796721,16,,,,38.6094,23.4805,nominal,0
1781796781,64,,,,38.6094,23.4805,nominal,0
1781796842,47,,,,38.6094,23.4805,nominal,0
1781796903,27,,,,38.6094,23.4805,nominal,0
1781796964,47,,,,38.6094,23.4805,nominal,0
1781797025,62,,,,38.6094,23.4805,nominal,0
1781797086,59,,,,38.6094,23.4805,nominal,0
1781797146,12,,,,38.6094,23.4805,nominal,0
1781797207,0,,,,38.6094,23.4805,nominal,0
1781797268,0,,,,38.6094,23.4805,nominal,0
1781797329,61,,,,38.6094,23.4805,nominal,0
1781797390,54,,,,38.6094,23.4805,nominal,0
1781797450,9,,,,38.6094,23.4805,nominal,0
1781797511,32,,,,38.6094,23.4805,nominal,0
1781797572,13,,,,38.6094,23.4805,nominal,0
1781797633,0,,,,38.6094,23.4805,nominal,0
1781797694,4,,,,38.6094,23.4805,nominal,0
1781797754,10,,,,38.6094,23.4805,nominal,0
1781797815,58,,,,38.6094,23.4805,nominal,0
1781797876,18,,,,38.6094,23.4805,nominal,0
1781797937,27,,,,38.6094,23.4805,nominal,0
1781797998,11,,,,38.6094,23.4805,nominal,0
1781798059,10,,,,38.6094,23.4805,nominal,0
1781798119,58,,,,38.6094,23.4805,nominal,0
1781798180,15,,,,38.6094,23.4805,nominal,0
1781798241,26,,,,38.6094,23.4805,nominal,0
1781798302,31,,,,38.6094,23.4805,nominal,0
1781798363,23,,,,38.6094,23.4805,nominal,0
1781798424,66,,,,38.6094,23.4805,nominal,0
1781798485,12,,,,38.6094,23.4805,nominal,0
1781798545,16,,,,38.6094,23.4805,nominal,0
1781798606,66,,,,38.6094,23.4805,nominal,0
1781798667,4,,,,38.6094,23.4805,nominal,0
1781798728,2,,,,38.6094,23.4805,nominal,0
1781798789,18,,,,38.6094,23.4805,nominal,0
1781798850,16,,,,38.6094,23.4805,nominal,0
1781798911,63,,,,38.6094,23.4805,nominal,0
1781798972,53,,,,38.6094,23.4805,nominal,0
1781799032,3,,,,38.6094,23.4805,nominal,0
1781799093,60,,,,38.6094,23.4805,nominal,0
1781799154,24,,,,38.6094,23.4805,nominal,0
1781799215,54,,,,38.6094,23.4805,nominal,0
1781799276,5,,,,38.6094,23.4805,nominal,0
1781799336,6,,,,38.6094,23.4805,nominal,0
1781799397,13,,,,38.6094,23.4805,nominal,0
1781799458,69,,,,38.6094,23.4805,nominal,0
1781799519,59,,,,38.6094,23.4805,nominal,0
1781799580,39,,,,38.6094,23.4805,nominal,0
1781799641,23,,,,38.6094,23.4805,nominal,0
1781799701,20,,,,38.6094,23.4805,nominal,0
1781799762,53,,,,38.6094,23.4805,nominal,0
1781799823,35,,,,38.6094,23.4805,nominal,0
1781799884,49,,,,38.6094,23.4805,nominal,0
1781799945,66,,,,38.6094,23.4805,nominal,0
1781800005,58,,,,38.6094,23.4805,nominal,0
1781800066,34,,,,38.6094,23.4805,nominal,0
1781800127,2,,,,38.6094,23.4805,nominal,0
1781800188,38,,,,38.6094,23.4805,nominal,0
1781800249,18,,,,38.6094,23.4805,nominal,0
1781800310,64,,,,38.6094,23.4805,nominal,0
1781800370,58,,,,38.6094,23.4805,nominal,0
1781800431,0,,,,38.6094,23.4805,nominal,0
1781800492,18,,,,38.6094,23.4805,nominal,0
1781800553,60,,,,38.6094,23.4805,nominal,0
1781800613,52,,,,38.6094,23.4805,nominal,0
1781800674,43,,,,38.6094,23.4805,nominal,0
1781800735,1,,,,38.6094,23.4805,nominal,0
1781800796,36,,,,38.6094,23.4805,nominal,0
1781800857,11,,,,38.6094,23.4805,nominal,0
1781800918,14,,,,38.6094,23.4805,nominal,0
1781800978,27,,,,38.6094,23.4805,nominal,0
1781801039,9,,,,38.6094,23.4805,nominal,0
1781801100,74,,,,38.6094,23.4805,nominal,0
1781801161,75,,,,38.6094,23.4805,nominal,0
1781801222,13,,,,38.6094,23.4805,nominal,0
1781801282,48,,,,38.6094,23.4805,nominal,0
1781801343,49,,,,38.6094,23.4805,nominal,0
1781801404,58,,,,38.6094,23.4805,nominal,0
1781801465,67,,,,38.6094,23.4805,nominal,0
1781801526,35,,,,38.6094,23.4805,nominal,0
1781801586,30,,,,38.6094,23.4805,nominal,0
1781801647,70,,,,38.6094,23.4805,nominal,0
1781801708,57,,,,38.6094,23.4805,nominal,0
1781801769,28,,,,38.6094,23.4805,nominal,0
1781801829,19,,,,38.6094,23.4805,nominal,0
1781801890,23,,,,38.6094,23.4805,nominal,0
1781801951,57,,,,38.6094,23.4805,nominal,0
1781802012,7,,,,38.6094,23.4805,nominal,0
1781802072,49,,,,38.6094,23.4805,nominal,0
1781802133,83,,,,38.6094,23.4805,nominal,0
1781802194,10,,,,38.6094,23.4805,nominal,0
1781802255,23,,,,38.6094,23.4805,nominal,0
1781802316,5,,,,38.6094,23.4805,nominal,0
1781802377,24,,,,38.6094,23.4805,nominal,0
1781802437,17,,,,38.6094,23.4805,nominal,0
1781802498,55,,,,38.6094,23.4805,nominal,0
1781802559,1,,,,38.6094,23.4805,nominal,0
1781802620,16,,,,38.6094,23.4805,nominal,0
1781802680,6,,,,38.6094,23.4805,nominal,0
1781802741,69,,,,38.6094,23.4805,nominal,0
1781802802,8,,,,38.6094,23.4805,nominal,0
1781802863,21,,,,38.6094,23.4805,nominal,0
1781802924,11,,,,38.6094,23.4805,nominal,0
1781802984,39,,,,38.6094,23.4805,nominal,0
1781803045,0,,,,38.6094,23.4805,nominal,0
1781803106,61,,,,38.6094,23.4805,nominal,0
1781803167,31,,,,38.6094,23.4805,nominal,0
1781803228,34,,,,38.6094,23.4805,nominal,0
1781803288,42,,,,38.6094,23.4805,nominal,0
1781803349,19,,,,38.6094,23.4805,nominal,0
1781803410,6,,,,38.6094,23.4805,nominal,0
1781803471,58,,,,38.6094,23.4805,nominal,0
1781803532,22,,,,38.6094,23.4805,nominal,0
1781803592,12,,,,38.6094,23.4805,nominal,0
1781803653,0,,,,38.6094,23.4805,nominal,0
1781803714,36,,,,38.6094,23.4805,nominal,0
1781803775,60,,,,38.6094,23.4805,nominal,0
1781803835,15,,,,38.6094,23.4805,nominal,0
1781803896,9,,,,38.6094,23.4805,nominal,0
1781803957,4,,,,38.6094,23.4805,nominal,0
1781804018,47,,,,38.6133,23.4805,nominal,0
1781804079,78,,,,38.6094,23.4805,nominal,0
1781804139,25,,,,38.6094,23.4805,nominal,0
1781804200,75,,,,38.6094,23.4805,nominal,0
1781804261,59,,,,38.6094,23.4805,nominal,0
1781804322,13,,,,38.6133,23.4805,nominal,0
1781804383,7,,,,38.6094,23.4805,nominal,0
1781804443,35,,,,38.6094,23.4805,nominal,0
1781804504,24,,,,38.6094,23.4805,nominal,0
1781804565,19,,,,38.6094,23.4805,nominal,0
1781804626,12,,,,38.6094,23.4805,nominal,0
1781804687,19,,,,38.6094,23.4805,nominal,0
1781804747,26,,,,38.6094,23.4805,nominal,0
1781804808,24,,,,38.6094,23.4805,nominal,0
1781804869,6,,,,38.6094,23.4805,nominal,0
1781804930,16,,,,38.6094,23.4805,nominal,0
1781804991,67,,,,38.6094,23.4805,nominal,0
1781805052,37,,,,38.6094,23.4805,nominal,0
1781805112,7,,,,38.6094,23.4805,nominal,0
1781805173,37,,,,38.6094,23.4805,nominal,0
1781805234,1,,,,38.6094,23.4805,nominal,0
1781805295,5,,,,38.6094,23.4805,nominal,0
1781805356,17,,,,38.6094,23.4805,nominal,0
1781805416,3,,,,38.6094,23.4805,nominal,0
1781805477,11,,,,38.6094,23.4805,nominal,0
1781805538,48,,,,38.6094,23.4805,nominal,0
1781805599,3,,,,38.6094,23.4805,nominal,0
1781805660,43,,,,38.6094,23.4805,nominal,0
1781805721,2,,,,38.6094,23.4805,nominal,0
1781805782,41,,,,38.6094,23.4805,nominal,0
1781805842,59,,,,38.6094,23.4805,nominal,0
1781805903,17,,,,38.6094,23.4805,nominal,0
1781805964,71,,,,38.6094,23.4805,nominal,0
1781806025,16,,,,38.6094,23.4805,nominal,0
1781806086,57,,,,38.6094,23.4805,nominal,0
1781806147,71,,,,38.6094,23.4805,nominal,0
1781806207,2,,,,38.6094,23.4805,nominal,0
1781806268,19,,,,38.6094,23.4805,nominal,0
1781806329,18,,,,38.6094,23.4805,nominal,0
1781806390,17,,,,38.6094,23.4805,nominal,0
1781806451,4,,,,38.6094,23.4805,nominal,0
1781806511,24,,,,38.6094,23.4805,nominal,0
1781806572,17,,,,38.6094,23.4805,nominal,0
1781806633,15,,,,38.6094,23.4805,nominal,0
1781806694,10,,,,38.6094,23.4805,nominal,0
1781806755,6,,,,38.6094,23.4805,nominal,0
1781806815,41,,,,38.6094,23.4805,nominal,0
1781806876,25,,,,38.6094,23.4805,nominal,0
1781806937,65,,,,38.6094,23.4805,nominal,0
1781806998,3,,,,38.6094,23.4805,nominal,0
1781807058,0,,,,38.6094,23.4805,nominal,0
1781807119,2,,,,38.6094,23.4805,nominal,0
1781807180,15,,,,38.6094,23.4805,nominal,0
1781807241,21,,,,38.6094,23.4805,nominal,0
1781807302,61,,,,38.6094,23.4805,nominal,0
1781807362,1,,,,38.6094,23.4805,nominal,0
1781807423,52,,,,38.6094,23.4805,nominal,0
1781807484,39,,,,38.6094,23.4805,nominal,0
1781807545,46,,,,38.6094,23.4805,nominal,0
1781807606,21,,,,38.6094,23.4805,nominal,0
1781807667,12,,,,38.6094,23.4805,nominal,0
1781807728,11,,,,38.6094,23.4805,nominal,0
1781807788,12,,,,38.6094,23.4805,nominal,0
1781807849,30,,,,38.6094,23.4805,nominal,0
1781807910,22,,,,38.6094,23.4805,nominal,0
1781807971,56,,,,38.6094,23.4805,nominal,0
1781808031,25,,,,38.6094,23.4805,nominal,0
1781808092,21,,,,38.6094,23.4805,nominal,0
1781808153,22,,,,38.6094,23.4805,nominal,0
1781808214,7,,,,38.6094,23.4805,nominal,0
1781808275,71,,,,38.6094,23.4805,nominal,0
1781808335,55,,,,38.6094,23.4805,nominal,0
1781808396,60,,,,38.6094,23.4805,nominal,0
1781808457,32,,,,38.6094,23.4805,nominal,0
1781808518,53,,,,38.6094,23.4805,nominal,0
1781808579,3,,,,38.6094,23.4805,nominal,0
1781808640,7,,,,38.6094,23.4805,nominal,0
1781808700,43,,,,38.6094,23.4805,nominal,0
1781808761,12,,,,38.6094,23.4805,nominal,0
1781808822,28,,,,38.6094,23.4805,nominal,0
1781808883,28,,,,38.6094,23.4805,nominal,0
1781808944,66,,,,38.6094,23.4805,nominal,0
1781809004,11,,,,38.6094,23.4805,nominal,0
1781809065,64,,,,38.6094,23.4805,nominal,0
1781809126,50,,,,38.6094,23.4805,nominal,0
1781809187,53,,,,38.6094,23.4805,nominal,0
1781809248,57,,,,38.6094,23.4805,nominal,0
1781809308,55,,,,38.6094,23.4805,nominal,0
1781809369,59,,,,38.6094,23.4805,nominal,0
1781809430,17,,,,38.6094,23.4805,nominal,0
1781809491,69,,,,38.6094,23.4805,nominal,0
1781809552,23,,,,38.6094,23.4805,nominal,0
1781809613,33,,,,38.6094,23.4805,nominal,0
1781809673,55,,,,38.6094,23.4805,nominal,0
1781809734,67,,,,38.6094,23.4805,nominal,0
1781809795,27,,,,38.6094,23.4805,nominal,0
1781809856,6,,,,38.6094,23.4805,nominal,0
1781809916,70,,,,38.6094,23.4805,nominal,0
1781809977,2,,,,38.6094,23.4805,nominal,0
1781810038,64,,,,38.6094,23.4805,nominal,0
1781810099,49,,,,38.6094,23.4805,nominal,0
1781810160,10,,,,38.6094,23.4805,nominal,0
1781810221,9,,,,38.6094,23.4805,nominal,0
1781810281,20,,,,38.6094,23.4805,nominal,0
1781810342,28,,,,38.6094,23.4805,nominal,0
1781810403,12,,,,38.6094,23.4805,nominal,0
1781810464,8,,,,38.6094,23.4805,nominal,0
1781810525,20,,,,38.6094,23.4805,nominal,0
1781810585,13,,,,38.6094,23.4805,nominal,0
1781810646,15,,,,38.6094,23.4805,nominal,0
1781810707,12,,,,38.6094,23.4805,nominal,0
1781810768,9,,,,38.6094,23.4805,nominal,0
1781810829,17,,,,38.6094,23.4805,nominal,0
1781810889,36,,,,38.6094,23.4805,nominal,0
1781810950,42,,,,38.6094,23.4805,nominal,0
1781811011,3,,,,38.6094,23.4805,nominal,0
1781811072,66,,,,38.6094,23.4805,nominal,0
1781811133,11,,,,38.6094,23.4805,nominal,0
1781811193,16,,,,38.6094,23.4805,nominal,0
1781811254,71,,,,38.6094,23.4805,nominal,0
1781811315,14,,,,38.6094,23.4805,nominal,0
1781811376,26,,,,38.6094,23.4805,nominal,0
1781811437,71,,,,38.6094,23.4805,nominal,0
1781811498,12,,,,38.6094,23.4805,nominal,0
1781811558,7,,,,38.6094,23.4805,nominal,0
1781811619,36,,,,38.6094,23.4805,nominal,0
1781811680,25,,,,38.6094,23.4805,nominal,0
1781811741,15,,,,38.6094,23.4805,nominal,0
1781811802,16,,,,38.6094,23.4805,nominal,0
1781811863,0,,,,38.6094,23.4805,nominal,0
1781811924,63,,,,38.6094,23.4805,nominal,0
1781811984,23,,,,38.6094,23.4805,nominal,0
1781812045,25,,,,38.6094,23.4805,nominal,0
1781812106,3,,,,38.6094,23.4805,nominal,0
1781812167,7,,,,38.6094,23.4805,nominal,0
1781812228,80,,,,38.6094,23.4805,nominal,0
1781812289,14,,,,38.6094,23.4805,nominal,0
1781812349,3,,,,38.6094,23.4805,nominal,0
1781812410,6,,,,38.6094,23.4805,nominal,0
1781812471,52,,,,38.6094,23.4805,nominal,0
1781812532,66,,,,38.6094,23.4805,nominal,0
1781812593,62,,,,38.6094,23.4805,nominal,0
1781812653,43,,,,38.6094,23.4805,nominal,0
1781812714,73,,,,38.6094,23.5078,nominal,0
1781812775,15,,,,38.6094,23.5078,nominal,0
1781812836,2,,,,38.6094,23.5078,nominal,0
1781812897,57,,,,38.6094,23.5078,nominal,0
1781812958,12,,,,38.6094,23.5078,nominal,0
1781813019,5,,,,38.6094,23.5078,nominal,0
1781813079,36,,,,38.6094,23.5078,nominal,0
1781813140,16,,,,38.6094,23.5078,nominal,0
1781813201,5,,,,38.6094,23.5078,nominal,0
1781813262,14,,,,38.6094,23.5078,nominal,0
1781813323,58,,,,38.6094,23.5078,nominal,0
1781813384,35,,,,38.6094,23.5078,nominal,0
1781813444,63,,,,38.6094,23.5078,nominal,0
1781813505,35,,,,38.6094,23.5078,nominal,0
1781813566,11,,,,38.6094,23.5078,nominal,0
1781813627,6,,,,38.6094,23.5078,nominal,0
1781813688,21,,,,38.6094,23.5078,nominal,0
1781813749,60,,,,38.6094,23.5078,nominal,0
1781813809,4,,,,38.6094,23.5078,nominal,0
1781813870,42,,,,38.6094,23.5078,nominal,0
1781813931,44,,,,38.6094,23.5078,nominal,0
1781813992,0,,,,38.6094,23.5078,nominal,0
1781814053,10,,,,38.6094,23.5078,nominal,0
1781814114,18,,,,38.6094,23.5078,nominal,0
1781814174,11,,,,38.6094,23.5078,nominal,0
1781814235,56,,,,38.6094,23.5078,nominal,0
1781814296,24,,,,38.6094,23.5078,nominal,0
1781814357,3,,,,38.6094,23.5078,nominal,0
1781814418,67,,,,38.6094,23.5078,nominal,0
1781814479,4,,,,38.6094,23.5078,nominal,
1781814539,3,,,,38.6094,23.5078,nominal,0
1781814600,55,,,,38.6094,23.5078,nominal,0
1781814661,65,,,,38.6094,23.5078,nominal,0
1781814722,14,,,,38.6094,23.5078,nominal,0
1781814783,68,,,,38.6094,23.5078,nominal,0
1781814844,20,,,,38.6094,23.5078,nominal,0
1781814905,42,,,,38.6094,23.5078,nominal,0
1781814965,8,,,,38.6094,23.5078,nominal,0
1781815026,44,,,,38.6094,23.5078,nominal,0
1781815087,65,,,,38.6094,23.5078,nominal,0
1781815148,12,,,,38.6094,23.5078,nominal,0
1781815209,35,,,,38.6094,23.5078,nominal,0
1781815270,21,,,,38.6094,23.5078,nominal,0
1781815331,7,,,,38.6094,23.5078,nominal,0
1781815391,32,,,,38.6094,23.5078,nominal,0
1781815452,33,,,,38.6094,23.5078,nominal,0
1781815513,36,,,,38.6094,23.5078,nominal,0
1781815574,50,,,,38.6094,23.5078,nominal,0
1781815635,4,,,,38.6094,23.5078,nominal,0
1781815695,49,,,,38.6094,23.5078,nominal,0
1781815756,54,,,,38.6094,23.5078,nominal,0
1781815817,0,,,,38.6094,23.5078,nominal,0
1781815878,34,,,,38.6094,23.5078,nominal,0
1781815939,35,,,,38.6094,23.5078,nominal,0
1781815999,6,,,,38.6094,23.5078,nominal,0
1781816060,71,,,,38.6094,23.5078,nominal,0
1781816121,55,,,,38.6094,23.5078,nominal,0
1781816182,64,,,,38.6094,23.5078,nominal,0
1781816243,3,,,,38.6094,23.5078,nominal,0
1781816304,4,,,,38.6094,23.5078,nominal,0
1781816365,28,,,,38.6094,23.5078,nominal,0
1781816426,64,,,,38.6094,23.5078,nominal,0
1781816486,58,,,,38.6094,23.5078,nominal,0
1781816547,29,,,,38.6094,23.5078,nominal,0
1781816608,36,,,,38.6094,23.5078,nominal,0
1781816669,12,,,,38.6094,23.5078,nominal,0
1781816730,73,,,,38.6094,23.5078,nominal,0
1781816791,33,,,,38.6094,23.5078,nominal,0
1781816852,33,,,,38.6094,23.5078,nominal,0
1781816912,4,,,,38.6094,23.5078,nominal,0
1781816973,22,,,,38.6094,23.5078,nominal,0
1781817034,37,,,,38.6094,23.5078,nominal,0
1781817095,21,,,,38.6094,23.5078,nominal,0
1781817156,27,,,,38.6094,23.5078,nominal,0
1781817217,24,,,,38.6094,23.5078,nominal,0
1781817278,6,,,,38.6094,23.5078,nominal,0
1781817338,9,,,,38.6094,23.5078,nominal,0
1781817399,51,,,,38.6094,23.5078,nominal,0
1781817460,65,,,,38.6094,23.5078,nominal,0
1781817521,61,,,,38.6094,23.5078,nominal,0
1781817582,13,,,,38.6094,23.5078,nominal,0
1781817643,7,,,,38.6094,23.5078,nominal,0
1781817703,47,,,,38.6094,23.5078,nominal,0
1781817764,75,,,,38.6094,23.5078,nominal,0
1781817825,58,,,,38.6094,23.5078,nominal,0
1781817886,7,,,,38.6094,23.5078,nominal,0
1781817947,63,,,,38.6094,23.5078,nominal,0
1781818008,14,,,,38.6094,23.5078,nominal,0
1781818068,14,,,,38.6094,23.5078,nominal,0
1781818129,40,,,,38.6094,23.5078,nominal,0
1781818190,29,,,,38.6094,23.5078,nominal,0
1781818251,23,,,,38.6094,23.5078,nominal,0
1781818312,28,,,,38.6094,23.5078,nominal,0
1781818372,3,,,,38.6094,23.5078,nominal,0
1781818433,51,,,,38.6133,23.5078,nominal,0
1781818494,2,,,,38.6094,23.5078,nominal,0
1781818555,6,,,,38.6094,23.5078,nominal,0
1781818616,14,,,,38.6094,23.5078,nominal,0
1781818676,53,,,,38.6094,23.5078,nominal,0
1781818737,4,,,,38.6094,23.5078,nominal,0
1781818798,54,,,,38.6094,23.5078,nominal,0
1781818859,62,,,,38.6094,23.5078,nominal,0
1781818919,37,,,,38.6094,23.5078,nominal,0
1781818980,2,,,,38.6094,23.5078,nominal,0
1781819041,71,,,,38.6094,23.5078,nominal,0
1781819102,0,,,,38.6094,23.5078,nominal,0
1781819163,65,,,,38.6094,23.5078,nominal,0
1781819224,70,,,,38.6094,23.5078,nominal,0
1781819284,62,,,,38.6094,23.5078,nominal,0
1781819345,51,,,,38.6094,23.5078,nominal,0
1781819406,30,,,,38.6094,23.5078,nominal,0
1781819467,2,,,,38.6094,23.5078,nominal,0
1781819528,14,,,,38.6094,23.5078,nominal,0
1781819588,25,,,,38.6094,23.5078,nominal,0
1781819649,19,,,,38.6094,23.5078,nominal,0
1781819710,13,,,,38.6094,23.5078,nominal,0
1781819771,26,,,,38.6094,23.5078,nominal,0
1781819832,5,,,,38.6094,23.5078,nominal,0
1781819892,13,,,,38.6094,23.5078,nominal,0
1781819953,93,,,,38.6094,23.5078,nominal,0
1781820014,47,,,,38.6094,23.5078,nominal,0
1781820075,9,,,,38.6094,23.5078,nominal,0
1781820136,36,,,,38.6094,23.5078,nominal,0
1781820196,68,,,,38.6094,23.5078,nominal,0
1781820257,65,,,,38.6094,23.5078,nominal,0
1781820318,34,,,,38.6094,23.5078,nominal,0
1781820379,3,,,,38.6094,23.5078,nominal,0
1781820440,38,,,,38.6094,23.5078,nominal,0
1781820501,26,,,,38.6094,23.5078,nominal,0
1781820562,24,,,,38.6094,23.5078,nominal,0
1781820622,12,,,,38.6094,23.5078,nominal,0
1781820683,65,,,,38.6094,23.5078,nominal,0
1781820744,4,,,,38.6094,23.5078,nominal,0
1781820805,22,,,,38.6094,23.5078,nominal,0
1781820866,30,,,,38.6094,23.5078,nominal,0
1781820926,50,,,,38.6094,23.5078,nominal,0
1781820987,65,,,,38.6094,23.5078,nominal,0
1781821048,67,,,,38.6094,23.5078,nominal,0
1781821109,63,,,,38.6094,23.5078,nominal,0
1781821170,67,,,,38.6094,23.5078,nominal,0
1781821230,69,,,,38.6094,23.5078,nominal,0
1781821291,27,,,,38.6094,23.5078,nominal,0
1781821352,57,,,,38.6094,23.5078,nominal,0
1781821413,6,,,,38.6094,23.5078,nominal,0
1781821473,41,,,,38.6094,23.5078,nominal,0
1781821534,19,,,,38.6094,23.5078,nominal,0
1781821594,46,,,,38.6094,23.5078,nominal,0
1781821655,2,,,,38.6094,23.5078,nominal,0
1781821715,40,,,,38.6094,23.5078,nominal,0
1781821775,52,,,,38.6094,23.5078,nominal,0
1781821836,17,,,,38.6094,23.5078,nominal,0
1781821896,45,,,,38.6094,23.5078,nominal,0
1781821957,13,,,,38.6094,23.5078,nominal,0
1781822017,45,,,,38.6094,23.5078,nominal,0
1781822077,11,,,,38.6094,23.5078,nominal,0
1781822138,42,,,,38.6094,23.5078,nominal,0
1781822198,2,,,,38.6094,23.5078,nominal,0
1781822259,45,,,,38.6094,23.5078,nominal,0
1781822319,19,,,,38.6094,23.5078,nominal,0
1781822380,19,,,,38.6094,23.5078,nominal,0
1781822440,51,,,,38.6094,23.5078,nominal,0
1781822500,20,,,,38.6094,23.5078,nominal,0
1781822561,55,,,,38.6094,23.5078,nominal,0
1781822621,16,,,,38.6094,23.5078,nominal,0
1781822682,1,,,,38.6094,23.5078,nominal,0
1781822742,49,,,,38.6094,23.5078,nominal,0
1781822803,34,,,,38.6094,23.5078,nominal,0
1781822863,12,,,,38.6094,23.5078,nominal,0
1781822924,60,,,,38.6094,23.5078,nominal,0
1781822984,6,,,,38.6094,23.5078,nominal,0
1781823045,15,,,,38.6094,23.5078,nominal,0
1781823105,10,,,,38.6094,23.5078,nominal,0
1781823165,13,,,,38.6094,23.5078,nominal,0
1781823226,0,,,,38.6094,23.5078,nominal,0
1781823286,11,,,,38.6094,23.5078,nominal,0
1781823347,36,,,,38.6094,23.5078,nominal,0
1781823407,39,,,,38.6094,23.5078,nominal,0
1781823468,50,,,,38.6094,23.5078,nominal,0
1781823528,35,,,,38.6094,23.5078,nominal,0
1781823589,35,,,,38.6094,23.5078,nominal,0
1781823649,16,,,,38.6094,23.5078,nominal,0
1781823710,25,,,,38.6094,23.5078,nominal,0
1781823770,22,,,,38.6094,23.5078,nominal,0
1781823831,40,,,,38.6094,23.5078,nominal,0
1781823891,54,,,,38.6094,23.5078,nominal,0
1781823951,50,,,,38.6094,23.5078,nominal,0
1781824012,67,,,,38.6094,23.5078,nominal,0
1781824072,54,,,,38.6094,23.5078,nominal,0
1781824133,51,,,,38.6133,23.5078,nominal,0
1781824193,54,,,,38.6094,23.5078,nominal,0
1781824254,5,,,,38.6094,23.5078,nominal,0
1781824314,65,,,,38.6094,23.5078,nominal,0
1781824375,38,,,,38.6094,23.5078,nominal,0
1781824435,27,,,,38.6094,23.5078,nominal,0
1781824496,16,,,,38.6094,23.5078,nominal,0
1781824556,0,,,,38.6094,23.5078,nominal,0
1781824616,58,,,,38.6094,23.5078,nominal,0
1781824677,47,,,,38.6094,23.5078,nominal,0
1781824737,12,,,,38.6094,23.5078,nominal,0
1781824798,46,,,,38.6094,23.5078,nominal,0
1781824858,14,,,,38.6094,23.5078,nominal,0
1781824918,59,,,,38.6094,23.5078,nominal,0
1781824979,0,,,,38.6094,23.5078,nominal,0
1781825039,47,,,,38.6094,23.5078,nominal,0
1781825100,48,,,,38.6094,23.5078,nominal,0
1781825160,17,,,,38.6094,23.5078,nominal,0
1781825221,48,,,,38.6094,23.5078,nominal,0
1781825281,11,,,,38.6094,23.5078,nominal,0
1781825341,43,,,,38.6094,23.5078,nominal,0
1781825402,52,,,,38.6094,23.5078,nominal,0
1781825462,46,,,,38.6094,23.5078,nominal,0
1781825523,18,,,,38.6094,23.5078,nominal,0
1781825583,4,,,,38.6094,23.5078,nominal,0
1781825644,51,,,,38.6094,23.5078,nominal,0
1781825704,24,,,,38.6094,23.5078,nominal,0
1781825765,1,,,,38.6094,23.5078,nominal,0
1781825825,4,,,,38.6094,23.5078,nominal,0
1781825885,44,,,,38.6094,23.5078,nominal,0
1781825946,18,,,,38.6094,23.5078,nominal,0
1781826006,56,,,,38.6094,23.5078,nominal,0
1781826067,40,,,,38.6094,23.5078,nominal,0
1781826127,55,,,,38.6094,23.5078,nominal,0
1781826188,30,,,,38.6094,23.5078,nominal,0
1781826248,6,,,,38.6094,23.5078,nominal,0
1781826308,55,,,,38.6094,23.5078,nominal,0
1781826369,44,,,,38.6094,23.5078,nominal,0
1781826429,10,,,,38.6094,23.5078,nominal,0
1781826490,36,,,,38.6094,23.5078,nominal,0
1781826550,3,,,,38.6094,23.5078,nominal,0
1781826611,32,,,,38.6094,23.5078,nominal,0
1781826671,1,,,,38.6094,23.5078,nominal,0
1781826731,37,,,,38.6094,23.5078,nominal,0
1781826792,3,,,,38.6094,23.5078,nominal,0
1781826852,40,,,,38.6094,23.5078,nominal,0
1781826913,8,,,,38.6094,23.5078,nominal,0
1781826973,19,,,,38.6094,23.5078,nominal,0
1781827034,1,,,,38.6094,23.5078,nominal,0
1781827094,27,,,,38.6094,23.5078,nominal,0
1781827154,6,,,,38.6094,23.5078,nominal,0
1781827215,38,,,,38.6094,23.5078,nominal,0
1781827275,12,,,,38.6094,23.5078,nominal,0
1781827336,50,,,,38.6094,23.5078,nominal,0
1781827396,29,,,,38.6094,23.5078,nominal,0
1781827456,4,,,,38.6094,23.5078,nominal,0
1781827517,32,,,,38.6094,23.5078,nominal,0
1781827577,23,,,,38.6094,23.5078,nominal,0
1781827638,66,,,,38.6094,23.5078,nominal,0
1781827698,48,,,,38.6094,23.5078,nominal,0
1781827759,15,,,,38.6094,23.5078,nominal,0
1781827819,48,,,,38.6094,23.5078,nominal,0
1781827879,15,,,,38.6094,23.5078,nominal,0
1781827940,54,,,,38.6094,23.5078,nominal,0
1781828000,44,,,,38.6094,23.5078,nominal,0
1781828061,15,,,,38.6094,23.5078,nominal,0
1781828121,7,,,,38.6094,23.5078,nominal,0
1781828181,58,,,,38.6094,23.5078,nominal,0
1781828242,24,,,,38.6094,23.5078,nominal,0
1781828302,20,,,,38.6094,23.5078,nominal,0
1781828363,65,,,,38.6094,23.5078,nominal,0
1781828423,58,,,,38.6094,23.5078,nominal,0
1781828484,32,,,,38.6094,23.5078,nominal,0
1781828544,6,,,,38.6094,23.5078,nominal,0
1781828604,52,,,,38.6094,23.5078,nominal,0
1781828665,20,,,,38.6094,23.5078,nominal,0
1781828725,49,,,,38.6094,23.5078,nominal,0
1781828786,16,,,,38.6094,23.5078,nominal,0
1781828846,23,,,,38.6094,23.5078,nominal,0
1781828907,58,,,,38.6094,23.5078,nominal,0
1781828967,26,,,,38.6094,23.5078,nominal,0
1781829027,53,,,,38.6094,23.5078,nominal,0
1781829088,23,,,,38.6094,23.5078,nominal,0
1781829148,21,,,,38.6094,23.5078,nominal,0
1781829209,54,,,,38.6094,23.5078,nominal,0
1781829269,19,,,,38.6094,23.5078,nominal,0
1781829330,51,,,,38.6094,23.5078,nominal,0
1781829390,18,,,,38.6094,23.5078,nominal,0
1781829450,10,,,,38.6094,23.5078,nominal,0
1781829511,49,,,,38.6094,23.5078,nominal,0
1781829571,66,,,,38.6094,23.5078,nominal,0
1781829632,25,,,,38.6094,23.5078,nominal,0
1781829692,64,,,,38.6094,23.5078,nominal,0
1781829752,45,,,,38.6094,23.5078,nominal,0
1781829813,10,,,,38.6094,23.5078,nominal,0
1781829873,52,,,,38.6094,23.5078,nominal,0
1781829934,18,,,,38.6094,23.5078,nominal,0
1781829994,50,,,,38.6094,23.5078,nominal,0
1781830055,16,,,,38.6094,23.5078,nominal,0
1781830115,41,,,,38.6094,23.5078,nominal,0
1781830175,22,,,,38.6094,23.5078,nominal,0
1781830236,70,,,,38.6094,23.5078,nominal,0
1781830296,12,,,,38.6094,23.5078,nominal,0
1781830357,2,,,,38.6094,23.5078,nominal,0
1781830417,67,,,,38.6094,23.5078,nominal,0
1781830478,52,,,,38.6094,23.5078,nominal,0
1781830538,20,,,,38.6094,23.5078,nominal,0
1781830598,58,,,,38.6094,23.5078,nominal,0
1781830659,18,,,,38.6094,23.5078,nominal,0
1781830719,13,,,,38.6094,23.5078,nominal,0
1781830780,43,,,,38.6094,23.5078,nominal,0
1781830840,8,,,,38.6094,23.5078,nominal,0
1781830901,58,,,,38.6094,23.5078,nominal,0
1781830961,19,,,,38.6094,23.5078,nominal,0
1781831021,37,,,,38.6094,23.5078,nominal,0
1781831082,8,,,,38.6094,23.5078,nominal,0
1781831142,42,,,,38.6094,23.5078,nominal,0
1781831203,23,,,,38.6094,23.5078,nominal,0
1781831263,6,,,,38.6094,23.5078,nominal,0
1781831324,49,,,,38.6094,23.5078,nominal,0
1781831384,16,,,,38.6094,23.5078,nominal,0
1781831444,27,,,,38.6094,23.5078,nominal,0
1781831505,67,,,,38.6094,23.5078,nominal,0
1781831565,46,,,,38.6094,23.5078,nominal,0
1781831626,16,,,,38.6094,23.5078,nominal,0
1781831686,0,,,,38.6094,23.5078,nominal,0
1781831747,28,,,,38.6094,23.5078,nominal,0
1781831807,7,,,,38.6094,23.5078,nominal,0
1781831868,19,,,,38.6094,23.5078,nominal,0
1781831928,58,,,,38.6094,23.5078,nominal,0
1781831988,22,,,,38.6094,23.5078,nominal,0
1781832049,64,,,,38.6094,23.5078,nominal,0
1781832109,45,,,,38.6094,23.5078,nominal,0
1781832170,7,,,,38.6094,23.5078,nominal,0
1781832230,32,,,,38.6094,23.5078,nominal,0
1781832290,2,,,,38.6094,23.5078,nominal,0
1781832351,32,,,,38.6094,23.5078,nominal,0
1781832411,4,,,,38.6094,23.5078,nominal,0
1781832472,56,,,,38.6094,23.5078,nominal,0
1781832532,43,,,,38.6094,23.5078,nominal,0
1781832593,37,,,,38.6094,23.5078,nominal,0
1781832653,5,,,,38.6094,23.5078,nominal,0
1781832713,43,,,,38.6094,23.5078,nominal,0
1781832774,20,,,,38.6094,23.5078,nominal,0
1781832834,6,,,,38.6133,23.5078,nominal,0
1781832895,54,,,,38.6094,23.5078,nominal,0
1781832955,18,,,,38.6094,23.5078,nominal,0
1781833016,54,,,,38.6094,23.5078,nominal,0
1781833076,21,,,,38.6094,23.5078,nominal,0
1781833136,51,,,,38.6094,23.5078,nominal,0
1781833197,36,,,,38.6094,23.5078,nominal,0
1781833257,8,,,,38.6094,23.5078,nominal,0
1781833318,65,,,,38.6094,23.5078,nominal,0
1781833378,28,,,,38.6094,23.5078,nominal,0
1781833439,4,,,,38.6094,23.5078,nominal,0
1781833499,30,,,,38.6094,23.5078,nominal,0
1781833559,9,,,,38.6094,23.5078,nominal,0
1781833620,29,,,,38.6094,23.5078,nominal,0
1781833680,68,,,,38.6094,23.5078,nominal,0
1781833741,2,,,,38.6094,23.5078,nominal,0
1781833801,39,,,,38.6094,23.5078,nominal,0
1781833862,7,,,,38.6094,23.5078,nominal,0
1781833922,36,,,,38.6094,23.5078,nominal,0
1781833982,8,,,,38.6094,23.5078,nominal,0
1781834043,16,,,,38.6094,23.5078,nominal,0
1781834103,47,,,,38.6094,23.5078,nominal,0
1781834164,34,,,,38.6094,23.5078,nominal,0
1781834224,26,,,,38.6094,23.5078,nominal,0
1781834285,10,,,,38.6094,23.5078,nominal,0
1781834345,57,,,,38.6094,23.5078,nominal,0
1781834405,18,,,,38.6094,23.5078,nominal,0
1781834466,49,,,,38.6094,23.5078,nominal,0
1781834526,53,,,,38.6094,23.5078,nominal,0
1781834587,43,,,,38.6094,23.5078,nominal,0
1781834647,22,,,,38.6094,23.5078,nominal,0
1781834708,26,,,,38.6094,23.5078,nominal,0
1781834768,0,,,,38.6094,23.5078,nominal,0
1781834829,45,,,,38.6094,23.5078,nominal,0
1781834889,28,,,,38.6094,23.5078,nominal,0
1781834949,61,,,,38.6094,23.5078,nominal,0
1781835010,43,,,,38.6094,23.5078,nominal,0
1781835070,14,,,,38.6094,23.5078,nominal,0
1781835131,46,,,,38.6094,23.5078,nominal,0
1781835191,23,,,,38.6094,23.5078,nominal,0
1781835251,62,,,,38.6094,23.5078,nominal,0
1781835312,47,,,,38.6094,23.5078,nominal,0
1781835372,15,,,,38.6094,23.5078,nominal,0
1781835433,48,,,,38.6094,23.5078,nominal,0
1781835493,24,,,,38.6094,23.5078,nominal,0
1781835554,2,,,,38.6094,23.5078,nominal,0
1781835614,43,,,,38.6094,23.5078,nominal,0
1781835674,23,,,,38.6094,23.5078,nominal,0
1781835735,67,,,,38.6094,23.5078,nominal,0
1781835795,27,,,,38.6094,23.5078,nominal,0
1781835856,6,,,,38.6094,23.5078,nominal,0
1781835916,38,,,,38.6094,23.5078,nominal,0
1781835976,14,,,,38.6094,23.5078,nominal,0
1781836037,64,,,,38.6094,23.5078,nominal,0
1781836097,26,,,,38.6094,23.5078,nominal,0
1781836158,58,,,,38.6094,23.5078,nominal,0
1781836218,24,,,,38.6094,23.5078,nominal,0
1781836279,64,,,,38.6094,23.5078,nominal,0
1781836339,47,,,,38.6094,23.5078,nominal,
1781836399,55,,,,38.6094,23.5078,nominal,0
1781836460,23,,,,38.6094,23.5078,nominal,0
1781836520,3,,,,38.6094,23.5078,nominal,0
1781836581,22,,,,38.6094,23.5078,nominal,0
1781836641,67,,,,38.6094,23.5078,nominal,0
1781836702,9,,,,38.6094,23.5078,nominal,0
1781836762,51,,,,38.6094,23.5078,nominal,0
1781836822,18,,,,38.6094,23.5078,nominal,0
1781836883,47,,,,38.6094,23.5078,nominal,0
1781836943,4,,,,38.6094,23.5078,nominal,0
1781837004,0,,,,38.6094,23.5078,nominal,0
1781837064,30,,,,38.6094,23.5078,nominal,0
1781837125,68,,,,38.6094,23.5078,nominal,0
